run_id,family,target,paper_section,lnZ,lnZ_err,n_samples_original
BMKA_A2744QSO1B,experiments/duplicate_reduction,A2744-QSO1_reduction-B,Not quoted in v2 (v1 Section 4.4),-66.022,0.105,30390
BMKP_UNCOVER_2c_smc_r300_ujy_xmask,experiments/dust_law_and_configuration_sweep,BMKP_UNCOVER_2c_smc_r300_ujy_xmask,Section 2.3,-231.992,0.185,65329
BMKP_UNCOVER_2c_smc_r300_ujy_xmask_photcal,experiments/dust_law_and_configuration_sweep,BMKP_UNCOVER_2c_smc_r300_ujy_xmask_photcal,Section 2.3,-108.876,0.159,50830
DLAW_egg_duste_sfree_zfree_calz_bmkp,experiments/dust_law_and_configuration_sweep,DLAW_egg_duste_sfree_zfree_calz_bmkp,Section 2.3,-27141.628,0.333,37216
DLAW_egg_duste_sfree_zfree_mw_bmkp,experiments/dust_law_and_configuration_sweep,DLAW_egg_duste_sfree_zfree_mw_bmkp,Section 2.3,-26947.184,0.350,40927
BMKP_egg_duste_sfree_zfree_d1cap,experiments/egg_model_finalization,BMKP_egg_duste_sfree_zfree_d1cap,Appendix C,-27665.473,0.390,48879
BMKP_egg_duste_sfree_zfree_d1fix0,experiments/egg_model_finalization,BMKP_egg_duste_sfree_zfree_d1fix0,Appendix C,-27618.243,0.471,56857
BMKP_egg_duste_sfree_zfree_d1pin,experiments/egg_model_finalization,BMKP_egg_duste_sfree_zfree_d1pin,Appendix C,-27694.011,0.287,40323
BMKP_egg_duste_sfree_zfree_hostpin,experiments/egg_model_finalization,BMKP_egg_duste_sfree_zfree_hostpin,Appendix C,-27700.258,0.210,22706
BMKP_egg_duste_sfree_zfree_sfhclamp,experiments/egg_model_finalization,BMKP_egg_duste_sfree_zfree_sfhclamp,Appendix C,-27674.278,0.408,51647
BMKP_egg_duste_sfree_zfree_zsolpin,experiments/egg_model_finalization,BMKP_egg_duste_sfree_zfree_zsolpin,Appendix C,-27633.944,0.457,62838
BMKA_EGS42046_m3_youngal,experiments/host_prior,BMKA_EGS42046_m3_youngal,"Section 4.4, Figures 5 and 6",-109.843,0.104,30388
BMKA_EGS49140_m3_youngal,experiments/host_prior,BMKA_EGS49140_m3_youngal,"Section 4.4, Figures 5 and 6",-73.790,0.109,32157
BMKA_EGS55604_m3_youngal,experiments/host_prior,BMKA_EGS55604_m3_youngal,"Section 4.4, Figures 5 and 6",-105.487,0.109,32244
BMKA_GN15498_fr_m3_youngal,experiments/host_prior,BMKA_GN15498_fr_m3_youngal,"Section 4.4, Figures 5 and 6",-138.807,0.136,43656
BMKA_GN38147_dja_m3_youngal,experiments/host_prior,BMKA_GN38147_dja_m3_youngal,"Section 4.4, Figures 5 and 6",-146.328,0.107,30597
BMKA_GN68797_dja_m3_youngal,experiments/host_prior,BMKA_GN68797_dja_m3_youngal,"Section 4.4, Figures 5 and 6",-134.724,0.112,33302
BMKA_GN9771_fr_m3_youngal,experiments/host_prior,BMKA_GN9771_fr_m3_youngal,"Section 4.4, Figures 5 and 6",-791.217,0.174,52860
BMKA_GS13971_fr_m3_youngal,experiments/host_prior,BMKA_GS13971_fr_m3_youngal,"Section 4.4, Figures 5 and 6",-102.116,0.102,29223
BMKA_UDS182791_m3_youngal,experiments/host_prior,BMKA_UDS182791_m3_youngal,"Section 4.4, Figures 5 and 6",-182.593,0.103,29595
BMKA_glimpse17775_m3_youngal,experiments/host_prior,BMKA_glimpse17775_m3_youngal,"Section 4.4, Figures 5 and 6",-35428.514,0.204,28998
BMKP_CAPERS_2c_smc_ujy_photcal4_youngal,experiments/host_prior,BMKP_CAPERS_2c_smc_ujy_photcal4_youngal,"Section 4.4, Figures 5 and 6",-164.061,0.144,42535
BMKP_CAPERS_2c_smc_ujy_youngal,experiments/host_prior,BMKP_CAPERS_2c_smc_ujy_youngal,"Section 4.4, Figures 5 and 6",-157.681,0.141,40962
BMKP_RS_m3c_smc_youngal,experiments/host_prior,BMKP_RS_m3c_smc_youngal,"Section 4.4, Figures 5 and 6",-1454.681,0.174,55120
BMKP_UNCOVER_2c_smc_r300_ujy_photcal4_youngal,experiments/host_prior,BMKP_UNCOVER_2c_smc_r300_ujy_photcal4_youngal,"Section 4.4, Figures 5 and 6",-106.754,0.157,46956
BMKP_UNCOVER_2c_smc_r300_ujy_photcal_youngal,experiments/host_prior,BMKP_UNCOVER_2c_smc_r300_ujy_photcal_youngal,"Section 4.4, Figures 5 and 6",-121.640,0.159,47931
BMKP_UNCOVER_2c_smc_r300_ujy_youngal,experiments/host_prior,BMKP_UNCOVER_2c_smc_r300_ujy_youngal,"Section 4.4, Figures 5 and 6",-254.785,0.176,57262
BMKP_WIDE_2c_smc_ujy_youngal,experiments/host_prior,BMKP_WIDE_2c_smc_ujy_youngal,"Section 4.4, Figures 5 and 6",-223.414,0.139,38858
BMKP_egg_duste_sfree_zfree_youngal,experiments/host_prior,BMKP_egg_duste_sfree_zfree_youngal,"Section 4.4, Figures 5 and 6",-27560.421,0.337,35652
BMKY_A2744QSO1,experiments/host_prior,BMKY_A2744QSO1,"Section 4.4, Figures 5 and 6",-60.402,0.112,33053
BMKY_A2744QSO1B,experiments/host_prior,BMKY_A2744QSO1B,"Section 4.4, Figures 5 and 6",-66.674,0.105,30720
BMKY_CEERS6126,experiments/host_prior,BMKY_CEERS6126,"Section 4.4, Figures 5 and 6",-128.958,0.082,23788
BMKY_MoMBH1,experiments/host_prior,BMKY_MoMBH1,"Section 4.4, Figures 5 and 6",-102.080,0.117,29445
BMKY_RUBIES_EGS28812,experiments/host_prior,BMKY_RUBIES_EGS28812,"Section 4.4, Figures 5 and 6",-133.081,0.110,26631
BMKY_RUBIES_EGS29489,experiments/host_prior,BMKY_RUBIES_EGS29489,"Section 4.4, Figures 5 and 6",-129.188,0.112,33192
BMKY_RUBIES_EGS37124,experiments/host_prior,BMKY_RUBIES_EGS37124,"Section 4.4, Figures 5 and 6",-87.846,0.072,22295
BMKY_RUBIES_EGS42232,experiments/host_prior,BMKY_RUBIES_EGS42232,"Section 4.4, Figures 5 and 6",-77.620,0.111,32575
BMKY_RUBIES_EGS42803,experiments/host_prior,BMKY_RUBIES_EGS42803,"Section 4.4, Figures 5 and 6",-84.466,0.100,27730
BMKY_RUBIES_EGS53254,experiments/host_prior,BMKY_RUBIES_EGS53254,"Section 4.4, Figures 5 and 6",-83.661,0.056,18365
BMKY_RUBIES_EGS61496,experiments/host_prior,BMKY_RUBIES_EGS61496,"Section 4.4, Figures 5 and 6",-121.102,0.093,26166
BMKY_RUBIES_EGS926125,experiments/host_prior,BMKY_RUBIES_EGS926125,"Section 4.4, Figures 5 and 6",-100.902,0.096,27230
BMKY_RUBIES_EGS927271,experiments/host_prior,BMKY_RUBIES_EGS927271,"Section 4.4, Figures 5 and 6",-88.148,0.086,23300
BMKY_RUBIES_EGS948917,experiments/host_prior,BMKY_RUBIES_EGS948917,"Section 4.4, Figures 5 and 6",-79.491,0.105,30196
BMKY_RUBIES_EGS952625,experiments/host_prior,BMKY_RUBIES_EGS952625,"Section 4.4, Figures 5 and 6",-102.392,0.059,19631
BMKY_RUBIES_EGS966323,experiments/host_prior,BMKY_RUBIES_EGS966323,"Section 4.4, Figures 5 and 6",-64.319,0.092,25231
BMKY_RUBIES_UDS119957,experiments/host_prior,BMKY_RUBIES_UDS119957,"Section 4.4, Figures 5 and 6",-117.496,0.100,28831
BMKY_RUBIES_UDS144195,experiments/host_prior,BMKY_RUBIES_UDS144195,"Section 4.4, Figures 5 and 6",-64.021,0.110,31767
BMKY_RUBIES_UDS149298,experiments/host_prior,BMKY_RUBIES_UDS149298,"Section 4.4, Figures 5 and 6",-184.371,0.106,31339
BMKY_RUBIES_UDS167741,experiments/host_prior,BMKY_RUBIES_UDS167741,"Section 4.4, Figures 5 and 6",-96.964,0.096,26913
BMKY_RUBIES_UDS172350,experiments/host_prior,BMKY_RUBIES_UDS172350,"Section 4.4, Figures 5 and 6",-139.457,0.098,23592
BMKY_RUBIES_UDS23438,experiments/host_prior,BMKY_RUBIES_UDS23438,"Section 4.4, Figures 5 and 6",-141.630,0.103,29899
BMKY_RUBIES_UDS29813,experiments/host_prior,BMKY_RUBIES_UDS29813,"Section 4.4, Figures 5 and 6",-127.111,0.090,24686
BMKY_RUBIES_UDS31747,experiments/host_prior,BMKY_RUBIES_UDS31747,"Section 4.4, Figures 5 and 6",-106.009,0.106,30381
BMKY_RUBIES_UDS33938,experiments/host_prior,BMKY_RUBIES_UDS33938,"Section 4.4, Figures 5 and 6",-94.701,0.078,21346
BMKY_RUBIES_UDS36171,experiments/host_prior,BMKY_RUBIES_UDS36171,"Section 4.4, Figures 5 and 6",-100.815,0.071,20515
BMKY_RUBIES_UDS40579,experiments/host_prior,BMKY_RUBIES_UDS40579,"Section 4.4, Figures 5 and 6",-88.542,0.116,34471
BMKY_RUBIES_UDS50716,experiments/host_prior,BMKY_RUBIES_UDS50716,"Section 4.4, Figures 5 and 6",-117.254,0.068,20975
BMKY_RUBIES_UDS53692,experiments/host_prior,BMKY_RUBIES_UDS53692,"Section 4.4, Figures 5 and 6",-127.287,0.065,21321
BMKY_RUBIES_UDS807469,experiments/host_prior,BMKY_RUBIES_UDS807469,"Section 4.4, Figures 5 and 6",-140.323,0.073,19887
BMKY_RUBIES_UDS830237,experiments/host_prior,BMKY_RUBIES_UDS830237,"Section 4.4, Figures 5 and 6",-126.739,0.058,19321
BMKY_RUBIES_UDS848745,experiments/host_prior,BMKY_RUBIES_UDS848745,"Section 4.4, Figures 5 and 6",-89.395,0.084,23295
BMKY_RUBIES_UDS967770,experiments/host_prior,BMKY_RUBIES_UDS967770,"Section 4.4, Figures 5 and 6",-85.660,0.083,20023
BMKY_RUBIES_UDS970351,experiments/host_prior,BMKY_RUBIES_UDS970351,"Section 4.4, Figures 5 and 6",-150.575,0.092,25771
BMKY_SOK_1180_13329,experiments/host_prior,BMKY_SOK_1180_13329,"Section 4.4, Figures 5 and 6",-100.772,0.105,30798
BMKY_SOK_1181_53501,experiments/host_prior,BMKY_SOK_1181_53501,"Section 4.4, Figures 5 and 6",-127.820,0.114,33930
BMKY_SOK_1181_73488,experiments/host_prior,BMKY_SOK_1181_73488,"Section 4.4, Figures 5 and 6",-132.535,0.120,36027
BMKY_SOK_1286_159717,experiments/host_prior,BMKY_SOK_1286_159717,"Section 4.4, Figures 5 and 6",-191.304,0.114,33598
BMKY_SOK_1286_38562,experiments/host_prior,BMKY_SOK_1286_38562,"Section 4.4, Figures 5 and 6",-169.035,0.113,34233
BMKY_SOK_4106_83161,experiments/host_prior,BMKY_SOK_4106_83161,"Section 4.4, Figures 5 and 6",-129.372,0.064,20723
BMKY_SOK_4106_85168,experiments/host_prior,BMKY_SOK_4106_85168,"Section 4.4, Figures 5 and 6",-80.427,0.070,17437
BMKY_SOK_5224_920396,experiments/host_prior,BMKY_SOK_5224_920396,"Section 4.4, Figures 5 and 6",-87.193,0.116,29126
BMKY_UDS31092,experiments/host_prior,BMKY_UDS31092,"Section 4.4, Figures 5 and 6",-101.631,0.104,30106
lrds2MY_J000927,experiments/host_prior,lrds2MY_J000927,"Section 4.4, Figures 5 and 6",-3489.858,0.136,18876
lrds2MY_J012930,experiments/host_prior,lrds2MY_J012930,"Section 4.4, Figures 5 and 6",-6567.327,0.152,19872
lrds2MY_J024337,experiments/host_prior,lrds2MY_J024337,"Section 4.4, Figures 5 and 6",-3523.475,0.117,18380
lrds2MY_J071635,experiments/host_prior,lrds2MY_J071635,"Section 4.4, Figures 5 and 6",-6692.642,0.167,21695
lrds2MY_J082606,experiments/host_prior,lrds2MY_J082606,"Section 4.4, Figures 5 and 6",-3045.863,0.122,17595
lrds2MY_J082921,experiments/host_prior,lrds2MY_J082921,"Section 4.4, Figures 5 and 6",-4996.846,0.205,21631
lrds2MY_J094411,experiments/host_prior,lrds2MY_J094411,"Section 4.4, Figures 5 and 6",-4773.487,0.222,21358
lrds2MY_J101742,experiments/host_prior,lrds2MY_J101742,"Section 4.4, Figures 5 and 6",-3789.055,0.144,20359
lrds2MY_J102553,experiments/host_prior,lrds2MY_J102553,"Section 4.4, Figures 5 and 6",-3302.851,0.152,22202
lrds2MY_J104242,experiments/host_prior,lrds2MY_J104242,"Section 4.4, Figures 5 and 6",-3214.993,0.140,20148
lrds2MY_J105620,experiments/host_prior,lrds2MY_J105620,"Section 4.4, Figures 5 and 6",-3326.384,0.121,18063
lrds2MY_J105900,experiments/host_prior,lrds2MY_J105900,"Section 4.4, Figures 5 and 6",-3440.742,0.111,13678
lrds2MY_J111943,experiments/host_prior,lrds2MY_J111943,"Section 4.4, Figures 5 and 6",-3374.206,0.131,18129
lrds2MY_J113734,experiments/host_prior,lrds2MY_J113734,"Section 4.4, Figures 5 and 6",-3405.113,0.113,14161
lrds2MY_J132137,experiments/host_prior,lrds2MY_J132137,"Section 4.4, Figures 5 and 6",-3490.182,0.176,21943
lrds2MY_J134317,experiments/host_prior,lrds2MY_J134317,"Section 4.4, Figures 5 and 6",-3453.870,0.127,15633
lrds2MY_J142337,experiments/host_prior,lrds2MY_J142337,"Section 4.4, Figures 5 and 6",-3422.926,0.132,18262
lrds2MY_J150252,experiments/host_prior,lrds2MY_J150252,"Section 4.4, Figures 5 and 6",-3763.958,0.175,24885
lrds2MY_J161102,experiments/host_prior,lrds2MY_J161102,"Section 4.4, Figures 5 and 6",-3625.410,0.178,17121
lrds2MY_J162032,experiments/host_prior,lrds2MY_J162032,"Section 4.4, Figures 5 and 6",-3094.233,0.089,15394
lrds2MY_J164102,experiments/host_prior,lrds2MY_J164102,"Section 4.4, Figures 5 and 6",-1790.477,0.108,15364
lrds2MY_J164226,experiments/host_prior,lrds2MY_J164226,"Section 4.4, Figures 5 and 6",-4802.351,0.199,23547
lrds2MY_J164637,experiments/host_prior,lrds2MY_J164637,"Section 4.4, Figures 5 and 6",-3766.636,0.164,22164
lrds2MY_J165450,experiments/host_prior,lrds2MY_J165450,"Section 4.4, Figures 5 and 6",-3429.249,0.213,20605
lrds2MY_J171741,experiments/host_prior,lrds2MY_J171741,"Section 4.4, Figures 5 and 6",-27534.282,0.266,26106
lrds2MY_J190954,experiments/host_prior,lrds2MY_J190954,"Section 4.4, Figures 5 and 6",-3772.528,0.119,19149
lrds2MY_J212725,experiments/host_prior,lrds2MY_J212725,"Section 4.4, Figures 5 and 6",-3382.609,0.128,18388
lrds2MY_J225535,experiments/host_prior,lrds2MY_J225535,"Section 4.4, Figures 5 and 6",-3252.212,0.098,15580
lrds2M_MOCK_R5D_bright_sub,experiments/injection_recovery/desi,lrds2M_MOCK_R5D_bright_sub,Not quoted in v2 (v1 Section 4.4),-3091.840,0.183,20028
lrds2M_MOCK_R5D_bright_super,experiments/injection_recovery/desi,lrds2M_MOCK_R5D_bright_super,Not quoted in v2 (v1 Section 4.4),-3108.388,0.167,22545
lrds2M_MOCK_R5D_faint_sub,experiments/injection_recovery/desi,lrds2M_MOCK_R5D_faint_sub,Not quoted in v2 (v1 Section 4.4),-3081.930,0.083,14426
lrds2M_MOCK_R5D_faint_super,experiments/injection_recovery/desi,lrds2M_MOCK_R5D_faint_super,Not quoted in v2 (v1 Section 4.4),-3140.824,0.092,12786
BMKP_egg_duste_sfree_zfree_injrec,experiments/injection_recovery/egg,BMKP_egg_duste_sfree_zfree_injrec,Not quoted in v2 (v1 Appendix C),-15139.760,0.307,33563
BMKA_MOCK_R5_bright_sub_m3,experiments/injection_recovery/prism,BMKA_MOCK_R5_bright_sub_m3,Not quoted in v2 (v1 Section 4.4),-140.432,0.110,28022
BMKA_MOCK_R5_bright_super_m3,experiments/injection_recovery/prism,BMKA_MOCK_R5_bright_super_m3,Not quoted in v2 (v1 Section 4.4),-107.216,0.097,28448
BMKA_MOCK_R5_faint_sub_m3,experiments/injection_recovery/prism,BMKA_MOCK_R5_faint_sub_m3,Not quoted in v2 (v1 Section 4.4),-75.481,0.056,17307
BMKA_MOCK_R5_faint_super_m3,experiments/injection_recovery/prism,BMKA_MOCK_R5_faint_super_m3,Not quoted in v2 (v1 Section 4.4),-73.250,0.055,17142
BMKA_MOCK_cliff_m3,experiments/injection_recovery/prism,BMKA_MOCK_cliff_m3,Not quoted in v2 (v1 Section 4.4),-127.287,0.105,31259
BMKP_CAPERS_2c_smc_ujy,experiments/photometric_anchoring,BMKP_CAPERS_2c_smc_ujy,Section 2.1,-159.132,0.144,42351
BMKP_CAPERS_2c_smc_ujy_photcal,experiments/photometric_anchoring,BMKP_CAPERS_2c_smc_ujy_photcal,Section 2.1,-175.041,0.152,47215
BMKP_CAPERS_2c_smc_ujy_photcal2,experiments/photometric_anchoring,BMKP_CAPERS_2c_smc_ujy_photcal2,Section 2.1,-168.658,0.147,44520
BMKP_CAPERS_2c_smc_ujy_photcal3,experiments/photometric_anchoring,BMKP_CAPERS_2c_smc_ujy_photcal3,Section 2.1,-171.197,0.151,46461
BMKP_UNCOVER_2c_smc_r300_ujy,experiments/photometric_anchoring,BMKP_UNCOVER_2c_smc_r300_ujy,Section 2.1,-267.415,0.186,67175
BMKP_UNCOVER_2c_smc_r300_ujy_photcal3,experiments/photometric_anchoring,BMKP_UNCOVER_2c_smc_r300_ujy_photcal3,Section 2.1,-98.691,0.145,42217
BMKP_UNCOVER_2c_smc_r300_ujy_photcal4,experiments/photometric_anchoring,BMKP_UNCOVER_2c_smc_r300_ujy_photcal4,Section 2.1,-107.949,0.160,48124
BMKC_CLIFF_m3_pilot_2c,experiments/two_component_test,BMKC_CLIFF_m3_pilot_2c,Not quoted in v2 (v1 Section 4.4),-42.209,0.111,33175
BMKC_EGS42046_m3_2c,experiments/two_component_test,BMKC_EGS42046_m3_2c,Not quoted in v2 (v1 Section 4.4),-112.650,0.122,31482
BMKC_EGS49140_m3_2c,experiments/two_component_test,BMKC_EGS49140_m3_2c,Not quoted in v2 (v1 Section 4.4),-74.387,0.108,32531
BMKC_EGS55604_m3_2c,experiments/two_component_test,BMKC_EGS55604_m3_2c,Not quoted in v2 (v1 Section 4.4),-106.514,0.107,32688
BMKC_GN38147_dja_m3_2c,experiments/two_component_test,BMKC_GN38147_dja_m3_2c,Not quoted in v2 (v1 Section 4.4),-151.179,0.130,33810
BMKC_GN68797_dja_m3_2c,experiments/two_component_test,BMKC_GN68797_dja_m3_2c,Not quoted in v2 (v1 Section 4.4),-136.842,0.117,35930
BMKC_RUBIES_EGS28812_m3_2c,experiments/two_component_test,BMKC_RUBIES_EGS28812_m3_2c,Not quoted in v2 (v1 Section 4.4),-133.906,0.101,29272
BMKC_RUBIES_EGS29489_m3_2c,experiments/two_component_test,BMKC_RUBIES_EGS29489_m3_2c,Not quoted in v2 (v1 Section 4.4),-135.771,0.140,39057
BMKC_RUBIES_EGS37124_m3_2c,experiments/two_component_test,BMKC_RUBIES_EGS37124_m3_2c,Not quoted in v2 (v1 Section 4.4),-88.854,0.082,22221
BMKC_RUBIES_EGS42232_m3_2c,experiments/two_component_test,BMKC_RUBIES_EGS42232_m3_2c,Not quoted in v2 (v1 Section 4.4),-80.192,0.113,35014
BMKC_RUBIES_EGS42803_m3_2c,experiments/two_component_test,BMKC_RUBIES_EGS42803_m3_2c,Not quoted in v2 (v1 Section 4.4),-84.909,0.098,28408
BMKC_RUBIES_EGS53254_m3_2c,experiments/two_component_test,BMKC_RUBIES_EGS53254_m3_2c,Not quoted in v2 (v1 Section 4.4),-83.833,0.057,18400
BMKC_RUBIES_EGS61496_m3_2c,experiments/two_component_test,BMKC_RUBIES_EGS61496_m3_2c,Not quoted in v2 (v1 Section 4.4),-121.897,0.093,26997
BMKC_RUBIES_EGS926125_m3_2c,experiments/two_component_test,BMKC_RUBIES_EGS926125_m3_2c,Not quoted in v2 (v1 Section 4.4),-102.545,0.099,29170
BMKC_RUBIES_EGS927271_m3_2c,experiments/two_component_test,BMKC_RUBIES_EGS927271_m3_2c,Not quoted in v2 (v1 Section 4.4),-89.084,0.089,24438
BMKC_RUBIES_EGS948917_m3_2c,experiments/two_component_test,BMKC_RUBIES_EGS948917_m3_2c,Not quoted in v2 (v1 Section 4.4),-84.380,0.124,33083
BMKC_RUBIES_EGS952625_m3_2c,experiments/two_component_test,BMKC_RUBIES_EGS952625_m3_2c,Not quoted in v2 (v1 Section 4.4),-102.744,0.061,19791
BMKC_RUBIES_EGS966323_m3_2c,experiments/two_component_test,BMKC_RUBIES_EGS966323_m3_2c,Not quoted in v2 (v1 Section 4.4),-65.306,0.093,26616
BMKC_RUBIES_UDS119957_m3_2c,experiments/two_component_test,BMKC_RUBIES_UDS119957_m3_2c,Not quoted in v2 (v1 Section 4.4),-119.488,0.113,28850
BMKC_RUBIES_UDS144195_m3_2c,experiments/two_component_test,BMKC_RUBIES_UDS144195_m3_2c,Not quoted in v2 (v1 Section 4.4),-65.894,0.124,33336
BMKC_RUBIES_UDS149298_m3_2c,experiments/two_component_test,BMKC_RUBIES_UDS149298_m3_2c,Not quoted in v2 (v1 Section 4.4),-181.070,0.107,31104
BMKC_RUBIES_UDS167741_m3_2c,experiments/two_component_test,BMKC_RUBIES_UDS167741_m3_2c,Not quoted in v2 (v1 Section 4.4),-98.367,0.098,28472
BMKC_RUBIES_UDS172350_m3_2c,experiments/two_component_test,BMKC_RUBIES_UDS172350_m3_2c,Not quoted in v2 (v1 Section 4.4),-142.325,0.105,26488
BMKC_RUBIES_UDS23438_m3_2c,experiments/two_component_test,BMKC_RUBIES_UDS23438_m3_2c,Not quoted in v2 (v1 Section 4.4),-144.398,0.108,32682
BMKC_RUBIES_UDS29813_m3_2c,experiments/two_component_test,BMKC_RUBIES_UDS29813_m3_2c,Not quoted in v2 (v1 Section 4.4),-129.015,0.100,24836
BMKC_RUBIES_UDS31747_m3_2c,experiments/two_component_test,BMKC_RUBIES_UDS31747_m3_2c,Not quoted in v2 (v1 Section 4.4),-106.434,0.115,29293
BMKC_RUBIES_UDS33938_m3_2c,experiments/two_component_test,BMKC_RUBIES_UDS33938_m3_2c,Not quoted in v2 (v1 Section 4.4),-95.712,0.087,20994
BMKC_RUBIES_UDS36171_m3_2c,experiments/two_component_test,BMKC_RUBIES_UDS36171_m3_2c,Not quoted in v2 (v1 Section 4.4),-100.133,0.065,20775
BMKC_RUBIES_UDS40579_m3_2c,experiments/two_component_test,BMKC_RUBIES_UDS40579_m3_2c,Not quoted in v2 (v1 Section 4.4),-88.176,0.130,34252
BMKC_RUBIES_UDS50716_m3_2c,experiments/two_component_test,BMKC_RUBIES_UDS50716_m3_2c,Not quoted in v2 (v1 Section 4.4),-117.533,0.072,21426
BMKC_RUBIES_UDS53692_m3_2c,experiments/two_component_test,BMKC_RUBIES_UDS53692_m3_2c,Not quoted in v2 (v1 Section 4.4),-127.251,0.066,21615
BMKC_RUBIES_UDS807469_m3_2c,experiments/two_component_test,BMKC_RUBIES_UDS807469_m3_2c,Not quoted in v2 (v1 Section 4.4),-139.458,0.070,19322
BMKC_RUBIES_UDS830237_m3_2c,experiments/two_component_test,BMKC_RUBIES_UDS830237_m3_2c,Not quoted in v2 (v1 Section 4.4),-127.270,0.059,19922
BMKC_RUBIES_UDS848745_m3_2c,experiments/two_component_test,BMKC_RUBIES_UDS848745_m3_2c,Not quoted in v2 (v1 Section 4.4),-89.861,0.084,23679
BMKC_RUBIES_UDS967770_m3_2c,experiments/two_component_test,BMKC_RUBIES_UDS967770_m3_2c,Not quoted in v2 (v1 Section 4.4),-84.522,0.072,20144
BMKC_RUBIES_UDS970351_m3_2c,experiments/two_component_test,BMKC_RUBIES_UDS970351_m3_2c,Not quoted in v2 (v1 Section 4.4),-152.834,0.099,28658
BMKC_SOK_1180_13329_m3_2c,experiments/two_component_test,BMKC_SOK_1180_13329_m3_2c,Not quoted in v2 (v1 Section 4.4),-105.363,0.115,35432
BMKC_SOK_1181_53501_m3_2c,experiments/two_component_test,BMKC_SOK_1181_53501_m3_2c,Not quoted in v2 (v1 Section 4.4),-130.099,0.119,36496
BMKC_SOK_1181_73488_m3_2c,experiments/two_component_test,BMKC_SOK_1181_73488_m3_2c,Not quoted in v2 (v1 Section 4.4),-142.732,0.152,45593
BMKC_SOK_1286_159717_m3_2c,experiments/two_component_test,BMKC_SOK_1286_159717_m3_2c,Not quoted in v2 (v1 Section 4.4),-193.124,0.117,34889
BMKC_SOK_1286_38562_m3_2c,experiments/two_component_test,BMKC_SOK_1286_38562_m3_2c,Not quoted in v2 (v1 Section 4.4),-171.139,0.119,36690
BMKC_SOK_4106_83161_m3_2c,experiments/two_component_test,BMKC_SOK_4106_83161_m3_2c,Not quoted in v2 (v1 Section 4.4),-129.814,0.065,21414
BMKC_SOK_4106_85168_m3_2c,experiments/two_component_test,BMKC_SOK_4106_85168_m3_2c,Not quoted in v2 (v1 Section 4.4),-81.202,0.072,18268
BMKC_SOK_5224_920396_m3_2c,experiments/two_component_test,BMKC_SOK_5224_920396_m3_2c,Not quoted in v2 (v1 Section 4.4),-91.098,0.120,32145
BMKC_UDS182791_m3_2c,experiments/two_component_test,BMKC_UDS182791_m3_2c,Not quoted in v2 (v1 Section 4.4),-185.663,0.111,32965
BMKC_UNCOVER45924_dja_m3_2c,experiments/two_component_test,BMKC_UNCOVER45924_dja_m3_2c,Not quoted in v2 (v1 Section 4.4),-155.163,0.143,39795
BMKP_CAPERS_2c_smc_ujy_photcal4,primary,CAPERS-UDS-23216,"Section 4.1, Table 1",-165.989,0.145,43902
BMKP_RS_m3c_smc,primary,GN-28074,"Section 4.1, Table 1",-1481.104,0.193,74182
BMKP_egg_duste_sfree_zfree_nmask,primary,J1025+1402,"Section 4.1, Table 1",-29272.099,0.543,56347
BMKP_UNCOVER_2c_smc_r300_ujy_photcal,primary,UNCOVER-A2744-20698,"Section 4.1, Table 1",-126.842,0.168,53623
BMKP_WIDE_2c_smc_ujy,primary,WIDE-EGS-2974,"Section 4.1, Table 1",-230.267,0.154,46762
lrds2M_J000927,supplementary/desi,J000927,"Sections 2.3 and 4.4, Figures 5-7",-3492.622,0.145,18727
lrds2M_J012930,supplementary/desi,J012930,"Sections 2.3 and 4.4, Figures 5-7",-6582.327,0.200,19264
lrds2M_J024337,supplementary/desi,J024337,"Sections 2.3 and 4.4, Figures 5-7",-3547.719,0.202,20183
lrds2M_J071635,supplementary/desi,J071635,"Sections 2.3 and 4.4, Figures 5-7",-6696.817,0.178,24362
lrds2M_J082606,supplementary/desi,J082606,"Sections 2.3 and 4.4, Figures 5-7",-3054.304,0.149,17865
lrds2M_J082921,supplementary/desi,J082921,"Sections 2.3 and 4.4, Figures 5-7",-5019.349,0.226,21588
lrds2M_J094411,supplementary/desi,J094411,"Sections 2.3 and 4.4, Figures 5-7",-4809.235,0.225,30733
lrds2M_J101742,supplementary/desi,J101742,"Sections 2.3 and 4.4, Figures 5-7",-3808.395,0.235,21321
lrds2M_J102553,supplementary/desi,J102553,"Sections 2.3 and 4.4, Figures 5-7",-3299.364,0.158,21979
lrds2M_J104242,supplementary/desi,J104242,"Sections 2.3 and 4.4, Figures 5-7",-3217.994,0.178,16801
lrds2M_J105620,supplementary/desi,J105620,"Sections 2.3 and 4.4, Figures 5-7",-3342.771,0.204,18063
lrds2M_J105900,supplementary/desi,J105900,"Sections 2.3 and 4.4, Figures 5-7",-3444.941,0.123,14376
lrds2M_J111943,supplementary/desi,J111943,"Sections 2.3 and 4.4, Figures 5-7",-3384.748,0.176,22124
lrds2M_J113734,supplementary/desi,J113734,"Sections 2.3 and 4.4, Figures 5-7",-3407.394,0.109,15160
lrds2M_J132137,supplementary/desi,J132137,"Sections 2.3 and 4.4, Figures 5-7",-3488.878,0.183,22492
lrds2M_J134317,supplementary/desi,J134317,"Sections 2.3 and 4.4, Figures 5-7",-3467.026,0.196,17715
lrds2M_J142337,supplementary/desi,J142337,"Sections 2.3 and 4.4, Figures 5-7",-3426.792,0.158,17963
lrds2M_J150252,supplementary/desi,J150252,"Sections 2.3 and 4.4, Figures 5-7",-3760.649,0.193,20738
lrds2M_J161102,supplementary/desi,J161102,"Sections 2.3 and 4.4, Figures 5-7",-3668.088,0.178,22328
lrds2M_J162032,supplementary/desi,J162032,"Sections 2.3 and 4.4, Figures 5-7",-3096.419,0.089,14209
lrds2M_J164102,supplementary/desi,J164102,"Sections 2.3 and 4.4, Figures 5-7",-1797.409,0.126,16485
lrds2M_J164226,supplementary/desi,J164226,"Sections 2.3 and 4.4, Figures 5-7",-4836.245,0.303,29243
lrds2M_J164637,supplementary/desi,J164637,"Sections 2.3 and 4.4, Figures 5-7",-3783.529,0.252,22787
lrds2M_J165450,supplementary/desi,J165450,"Sections 2.3 and 4.4, Figures 5-7",-3439.142,0.192,21014
lrds2M_J171741,supplementary/desi,J171741,"Sections 2.3 and 4.4, Figures 5-7",-27675.491,0.410,43245
lrds2M_J190954,supplementary/desi,J190954,"Sections 2.3 and 4.4, Figures 5-7",-3781.473,0.153,19801
lrds2M_J212725,supplementary/desi,J212725,"Sections 2.3 and 4.4, Figures 5-7",-3383.436,0.122,15507
lrds2M_J225535,supplementary/desi,J225535,"Sections 2.3 and 4.4, Figures 5-7",-3259.627,0.109,17502
BMKA_glimpse17775_m3,supplementary/grating,GLIMPSE-17775,"Sections 2.3 and 4.4, Figures 5-7",-35456.950,0.319,36100
BMKA_A2744QSO1,supplementary/prism,A2744QSO1,"Sections 2.3 and 4.4, Figures 5-7",-63.220,0.120,36348
BMKA_CEERS6126_m3,supplementary/prism,CEERS6126,"Sections 2.3 and 4.4, Figures 5-7",-128.693,0.084,23532
BMKA_CLIFF_m3_pilot,supplementary/prism,CLIFF_m3_pilot,"Sections 2.3 and 4.4, Figures 5-7",-41.157,0.108,32238
BMKA_EGS42046_m3,supplementary/prism,EGS42046,"Sections 2.3 and 4.4, Figures 5-7",-112.460,0.107,32457
BMKA_EGS49140_m3,supplementary/prism,EGS49140,"Sections 2.3 and 4.4, Figures 5-7",-76.627,0.126,32952
BMKA_EGS55604_m3,supplementary/prism,EGS55604,"Sections 2.3 and 4.4, Figures 5-7",-107.994,0.121,31675
BMKA_GN15498_fr_m3,supplementary/prism,GN15498,"Sections 2.3 and 4.4, Figures 5-7",-147.003,0.154,53768
BMKA_GN38147_dja_m3,supplementary/prism,GN38147,"Sections 2.3 and 4.4, Figures 5-7",-149.569,0.115,34735
BMKA_GN68797_dja_m3,supplementary/prism,GN68797,"Sections 2.3 and 4.4, Figures 5-7",-136.945,0.130,34182
BMKA_GN9771_fr_m3,supplementary/prism,GN9771,"Sections 2.3 and 4.4, Figures 5-7",-799.067,0.193,62729
BMKA_GS13971_fr_m3,supplementary/prism,GS13971,"Sections 2.3 and 4.4, Figures 5-7",-104.739,0.108,32247
BMKA_MoMBH1,supplementary/prism,MoMBH1,"Sections 2.3 and 4.4, Figures 5-7",-104.027,0.122,31682
BMKA_RUBIES_EGS28812,supplementary/prism,RUBIES-EGS28812,"Sections 2.3 and 4.4, Figures 5-7",-134.174,0.102,29731
BMKA_RUBIES_EGS29489,supplementary/prism,RUBIES-EGS29489,"Sections 2.3 and 4.4, Figures 5-7",-132.371,0.128,35106
BMKA_RUBIES_EGS37124,supplementary/prism,RUBIES-EGS37124,"Sections 2.3 and 4.4, Figures 5-7",-88.330,0.080,21737
BMKA_RUBIES_EGS42232,supplementary/prism,RUBIES-EGS42232,"Sections 2.3 and 4.4, Figures 5-7",-78.333,0.108,32749
BMKA_RUBIES_EGS42803,supplementary/prism,RUBIES-EGS42803,"Sections 2.3 and 4.4, Figures 5-7",-84.531,0.098,28000
BMKA_RUBIES_EGS53254,supplementary/prism,RUBIES-EGS53254,"Sections 2.3 and 4.4, Figures 5-7",-83.446,0.055,18054
BMKA_RUBIES_EGS61496,supplementary/prism,RUBIES-EGS61496,"Sections 2.3 and 4.4, Figures 5-7",-121.530,0.093,26817
BMKA_RUBIES_EGS926125,supplementary/prism,RUBIES-EGS926125,"Sections 2.3 and 4.4, Figures 5-7",-103.762,0.103,30817
BMKA_RUBIES_EGS927271,supplementary/prism,RUBIES-EGS927271,"Sections 2.3 and 4.4, Figures 5-7",-89.248,0.089,24536
BMKA_RUBIES_EGS948917,supplementary/prism,RUBIES-EGS948917,"Sections 2.3 and 4.4, Figures 5-7",-84.821,0.129,34128
BMKA_RUBIES_EGS952625,supplementary/prism,RUBIES-EGS952625,"Sections 2.3 and 4.4, Figures 5-7",-102.541,0.058,19882
BMKA_RUBIES_EGS966323,supplementary/prism,RUBIES-EGS966323,"Sections 2.3 and 4.4, Figures 5-7",-65.608,0.094,27055
BMKA_RUBIES_UDS119957,supplementary/prism,RUBIES-UDS119957,"Sections 2.3 and 4.4, Figures 5-7",-119.776,0.104,31266
BMKA_RUBIES_UDS144195,supplementary/prism,RUBIES-UDS144195,"Sections 2.3 and 4.4, Figures 5-7",-65.082,0.123,31118
BMKA_RUBIES_UDS149298,supplementary/prism,RUBIES-UDS149298,"Sections 2.3 and 4.4, Figures 5-7",-179.659,0.102,29361
BMKA_RUBIES_UDS167741,supplementary/prism,RUBIES-UDS167741,"Sections 2.3 and 4.4, Figures 5-7",-99.379,0.113,27929
BMKA_RUBIES_UDS172350,supplementary/prism,RUBIES-UDS172350,"Sections 2.3 and 4.4, Figures 5-7",-142.512,0.104,26225
BMKA_RUBIES_UDS23438,supplementary/prism,RUBIES-UDS23438,"Sections 2.3 and 4.4, Figures 5-7",-143.655,0.106,31879
BMKA_RUBIES_UDS29813,supplementary/prism,RUBIES-UDS29813,"Sections 2.3 and 4.4, Figures 5-7",-128.260,0.091,25992
BMKA_RUBIES_UDS31747,supplementary/prism,RUBIES-UDS31747,"Sections 2.3 and 4.4, Figures 5-7",-105.394,0.114,28248
BMKA_RUBIES_UDS33938,supplementary/prism,RUBIES-UDS33938,"Sections 2.3 and 4.4, Figures 5-7",-95.697,0.086,20961
BMKA_RUBIES_UDS36171,supplementary/prism,RUBIES-UDS36171,"Sections 2.3 and 4.4, Figures 5-7",-99.651,0.061,20369
BMKA_RUBIES_UDS40579,supplementary/prism,RUBIES-UDS40579,"Sections 2.3 and 4.4, Figures 5-7",-86.881,0.112,34385
BMKA_RUBIES_UDS50716,supplementary/prism,RUBIES-UDS50716,"Sections 2.3 and 4.4, Figures 5-7",-117.410,0.069,21352
BMKA_RUBIES_UDS53692,supplementary/prism,RUBIES-UDS53692,"Sections 2.3 and 4.4, Figures 5-7",-127.066,0.065,21249
BMKA_RUBIES_UDS807469,supplementary/prism,RUBIES-UDS807469,"Sections 2.3 and 4.4, Figures 5-7",-139.511,0.070,19518
BMKA_RUBIES_UDS830237,supplementary/prism,RUBIES-UDS830237,"Sections 2.3 and 4.4, Figures 5-7",-126.954,0.058,19452
BMKA_RUBIES_UDS848745,supplementary/prism,RUBIES-UDS848745,"Sections 2.3 and 4.4, Figures 5-7",-90.626,0.085,24584
BMKA_RUBIES_UDS967770,supplementary/prism,RUBIES-UDS967770,"Sections 2.3 and 4.4, Figures 5-7",-84.116,0.065,20980
BMKA_RUBIES_UDS970351,supplementary/prism,RUBIES-UDS970351,"Sections 2.3 and 4.4, Figures 5-7",-152.205,0.096,27190
BMKA_SOK_1180_13329,supplementary/prism,Sok-1180_13329,"Sections 2.3 and 4.4, Figures 5-7",-108.110,0.118,37320
BMKA_SOK_1181_53501,supplementary/prism,Sok-1181_53501,"Sections 2.3 and 4.4, Figures 5-7",-130.365,0.132,34915
BMKA_SOK_1181_73488,supplementary/prism,Sok-1181_73488,"Sections 2.3 and 4.4, Figures 5-7",-136.609,0.143,39045
BMKA_SOK_1286_159717,supplementary/prism,Sok-1286_159717,"Sections 2.3 and 4.4, Figures 5-7",-194.540,0.121,37488
BMKA_SOK_1286_38562,supplementary/prism,Sok-1286_38562,"Sections 2.3 and 4.4, Figures 5-7",-176.002,0.140,39898
BMKA_SOK_4106_83161,supplementary/prism,Sok-4106_83161,"Sections 2.3 and 4.4, Figures 5-7",-129.327,0.064,20676
BMKA_SOK_4106_85168,supplementary/prism,Sok-4106_85168,"Sections 2.3 and 4.4, Figures 5-7",-81.109,0.069,18196
BMKA_SOK_5224_920396,supplementary/prism,Sok-5224_920396,"Sections 2.3 and 4.4, Figures 5-7",-90.068,0.122,32114
BMKA_UDS182791_m3,supplementary/prism,UDS182791,"Sections 2.3 and 4.4, Figures 5-7",-184.019,0.108,31007
BMKA_UDS31092_m3,supplementary/prism,UDS31092,"Sections 2.3 and 4.4, Figures 5-7",-104.784,0.123,31514
BMK_45924,supplementary/prism,UNCOVER45924,"Sections 2.3 and 4.4, Figures 5-7",-153.252,0.139,38323
