run_id,family,target,paper_section,teff_16,teff_50,teff_84,logg_16,logg_50,logg_84,logL_16,logL_50,logL_84,phi_16,phi_50,phi_84,cold_teff_50,cold_logg_50,cold_logL_50,cold_phi_50
BMKA_A2744QSO1B,experiments/duplicate_reduction,A2744-QSO1_reduction-B,Not quoted in v2 (v1 Section 4.4),4370.96,4548.31,4695.85,-3.33852,-2.97881,-1.36635,10.7293,10.7665,10.8112,7.4568,242.167,550.565,,,,
BMKP_UNCOVER_2c_smc_r300_ujy_xmask,experiments/dust_law_and_configuration_sweep,BMKP_UNCOVER_2c_smc_r300_ujy_xmask,Section 2.3,4087.96,4094.06,4100.02,-3.38447,-3.27446,-3.18524,10.1377,10.142,10.1462,277.046,340.375,437.801,2013.28,-0.606681,8.93975,0.042966
BMKP_UNCOVER_2c_smc_r300_ujy_xmask_photcal,experiments/dust_law_and_configuration_sweep,BMKP_UNCOVER_2c_smc_r300_ujy_xmask_photcal,Section 2.3,3969.79,3988.49,4007.28,-3.3865,-3.31432,-3.23174,10.2087,10.2175,10.225,279.917,333.557,395.262,2021.93,-2.0477,8.95292,1.20456
DLAW_egg_duste_sfree_zfree_calz_bmkp,experiments/dust_law_and_configuration_sweep,DLAW_egg_duste_sfree_zfree_calz_bmkp,Section 2.3,4499.88,4500,4500.12,-3.41599,-3.26177,-3.09519,9.91764,9.91864,9.91929,328.304,481.835,687.296,,,,
DLAW_egg_duste_sfree_zfree_mw_bmkp,experiments/dust_law_and_configuration_sweep,DLAW_egg_duste_sfree_zfree_mw_bmkp,Section 2.3,4499.88,4500.01,4500.16,-3.42909,-3.27466,-3.10181,9.88265,9.88349,9.88427,333.403,496.376,708.207,,,,
BMKP_egg_duste_sfree_zfree_d1cap,experiments/egg_model_finalization,BMKP_egg_duste_sfree_zfree_d1cap,Appendix C,4499.62,4499.95,4500.19,-3.4238,-3.24836,-3.06859,9.8952,9.89586,9.89651,308.749,467.133,699.772,,,,
BMKP_egg_duste_sfree_zfree_d1fix0,experiments/egg_model_finalization,BMKP_egg_duste_sfree_zfree_d1fix0,Appendix C,4499.67,4499.94,4500.1,-3.43819,-3.29096,-3.09922,9.87271,9.87388,9.87502,331.403,515.273,723.249,,,,
BMKP_egg_duste_sfree_zfree_d1pin,experiments/egg_model_finalization,BMKP_egg_duste_sfree_zfree_d1pin,Appendix C,4499.19,4499.86,4500.17,-3.42671,-3.24813,-3.04211,9.90062,9.90113,9.90161,290.297,466.972,704.438,,,,
BMKP_egg_duste_sfree_zfree_hostpin,experiments/egg_model_finalization,BMKP_egg_duste_sfree_zfree_hostpin,Appendix C,4495.09,4496.14,4497.24,-3.02855,-3.01036,-3.00222,9.88946,9.8897,9.88994,264.123,269.108,280.665,,,,
BMKP_egg_duste_sfree_zfree_sfhclamp,experiments/egg_model_finalization,BMKP_egg_duste_sfree_zfree_sfhclamp,Appendix C,4499.75,4499.99,4500.22,-3.4189,-3.26425,-3.08509,9.89508,9.8957,9.89632,320.801,484.545,692,,,,
BMKP_egg_duste_sfree_zfree_zsolpin,experiments/egg_model_finalization,BMKP_egg_duste_sfree_zfree_zsolpin,Appendix C,4499.15,4499.68,4499.98,-3.44706,-3.32348,-3.09587,9.87741,9.87868,9.87991,328.841,555.21,738.084,,,,
BMKA_EGS42046_m3_youngal,experiments/host_prior,BMKA_EGS42046_m3_youngal,"Section 4.4, Figures 5 and 6",5087.15,5272.26,5409.73,-2.71975,-1.43828,-0.298756,10.8873,10.9398,10.9705,1.0535,14.3442,220.222,,,,
BMKA_EGS49140_m3_youngal,experiments/host_prior,BMKA_EGS49140_m3_youngal,"Section 4.4, Figures 5 and 6",4979.98,5180.16,5331.48,-2.96979,-1.78205,-0.728787,11.0761,11.1142,11.1497,2.7006,28.6627,368.192,,,,
BMKA_EGS55604_m3_youngal,experiments/host_prior,BMKA_EGS55604_m3_youngal,"Section 4.4, Figures 5 and 6",4878.66,5059.86,5163.7,-2.92586,-1.88177,-0.825962,11.1108,11.1425,11.1714,2.97753,32.739,305.685,,,,
BMKA_GN15498_fr_m3_youngal,experiments/host_prior,BMKA_GN15498_fr_m3_youngal,"Section 4.4, Figures 5 and 6",3492.12,3765.4,3925.51,-2.8694,-2.66325,-2.52622,13.6838,13.7131,13.7927,40.8525,57.8553,91.5419,,,,
BMKA_GN38147_dja_m3_youngal,experiments/host_prior,BMKA_GN38147_dja_m3_youngal,"Section 4.4, Figures 5 and 6",3387.81,3657.58,3929.29,-3.02948,-2.15938,-1.50131,10.4832,10.5393,10.6245,3.26344,17.3416,125.855,,,,
BMKA_GN68797_dja_m3_youngal,experiments/host_prior,BMKA_GN68797_dja_m3_youngal,"Section 4.4, Figures 5 and 6",3836.73,3937.59,4031.34,0.0300152,0.287441,0.440944,11.4768,11.4957,11.5153,0.0545534,0.0784587,0.146875,,,,
BMKA_GN9771_fr_m3_youngal,experiments/host_prior,BMKA_GN9771_fr_m3_youngal,"Section 4.4, Figures 5 and 6",3019.02,3020.05,3021.14,-3.49901,-3.49596,-3.48947,13.7697,13.7769,13.7841,165.144,167.596,168.777,,,,
BMKA_GS13971_fr_m3_youngal,experiments/host_prior,BMKA_GS13971_fr_m3_youngal,"Section 4.4, Figures 5 and 6",4361.32,4541.93,4664.91,-2.39248,-1.19987,-0.223499,10.3067,10.3626,10.4083,0.405053,4.43637,72.7157,,,,
BMKA_UDS182791_m3_youngal,experiments/host_prior,BMKA_UDS182791_m3_youngal,"Section 4.4, Figures 5 and 6",4085.38,4308.62,4498.01,-2.45632,-1.11461,-0.0471485,10.1839,10.2467,10.2992,0.201547,2.96392,72.7486,,,,
BMKA_glimpse17775_m3_youngal,experiments/host_prior,BMKA_glimpse17775_m3_youngal,"Section 4.4, Figures 5 and 6",6490.93,6498.48,6501.44,-2.91773,-1.84203,-1.20525,10.7743,10.7873,10.8002,18.2391,79.6702,949.183,,,,
BMKP_CAPERS_2c_smc_ujy_photcal4_youngal,experiments/host_prior,BMKP_CAPERS_2c_smc_ujy_photcal4_youngal,"Section 4.4, Figures 5 and 6",4467.07,4512.38,4561.98,-3.29173,-2.95743,-2.79514,9.98884,10.0193,10.0512,166.991,239.806,520.244,2172.89,-0.342549,8.94384,0.0321543
BMKP_CAPERS_2c_smc_ujy_youngal,experiments/host_prior,BMKP_CAPERS_2c_smc_ujy_youngal,"Section 4.4, Figures 5 and 6",4472.66,4522.94,4580.04,-3.22716,-2.90343,-2.73299,10.0186,10.0627,10.1041,146.157,214.745,450.782,2129.11,-0.0665303,9.19059,0.015759
BMKP_RS_m3c_smc_youngal,experiments/host_prior,BMKP_RS_m3c_smc_youngal,"Section 4.4, Figures 5 and 6",4155.72,4174.52,4196.08,-2.25399,-2.23775,-2.20519,10.9393,10.9541,10.9707,31.4,33.7317,35.2165,,,,
BMKP_UNCOVER_2c_smc_r300_ujy_photcal4_youngal,experiments/host_prior,BMKP_UNCOVER_2c_smc_r300_ujy_photcal4_youngal,"Section 4.4, Figures 5 and 6",3978.34,4000.38,4013.46,-3.44544,-3.32447,-3.1965,10.2413,10.2508,10.263,258.252,345.727,456.999,2021.72,-1.00782,9.03802,0.112366
BMKP_UNCOVER_2c_smc_r300_ujy_photcal_youngal,experiments/host_prior,BMKP_UNCOVER_2c_smc_r300_ujy_photcal_youngal,"Section 4.4, Figures 5 and 6",3997.42,4009.61,4017.58,-3.44496,-3.32814,-3.19817,10.2194,10.226,10.2348,261.499,353.063,462.486,2024.99,-0.737575,8.96478,0.0599068
BMKP_UNCOVER_2c_smc_r300_ujy_youngal,experiments/host_prior,BMKP_UNCOVER_2c_smc_r300_ujy_youngal,"Section 4.4, Figures 5 and 6",4082.18,4087.97,4094.07,-3.44827,-3.33392,-3.20736,10.139,10.1431,10.1472,289.6,387.676,504.172,2006.27,-0.366082,8.90582,0.0243733
BMKP_WIDE_2c_smc_ujy_youngal,experiments/host_prior,BMKP_WIDE_2c_smc_ujy_youngal,"Section 4.4, Figures 5 and 6",4300.24,4396.58,4474.86,-2.81727,-2.61027,-2.39365,9.68447,9.70757,9.72864,61.9666,97.6556,150.043,2084.89,-0.240798,8.94632,0.0216734
BMKP_egg_duste_sfree_zfree_youngal,experiments/host_prior,BMKP_egg_duste_sfree_zfree_youngal,"Section 4.4, Figures 5 and 6",4499.84,4500,4500.16,-3.4054,-3.23335,-3.07584,9.87205,9.8729,9.87377,314.018,451.371,670.689,,,,
BMKY_A2744QSO1,experiments/host_prior,BMKY_A2744QSO1,"Section 4.4, Figures 5 and 6",4778.78,4843.78,5013.55,-3.19791,-2.566,-1.59229,10.6394,10.6681,10.6963,16.1489,128.05,533.728,,,,
BMKY_A2744QSO1B,experiments/host_prior,BMKY_A2744QSO1B,"Section 4.4, Figures 5 and 6",4648.14,4724.63,4841.58,-3.15993,-2.32238,-1.14212,10.7571,10.7946,10.8336,4.74869,70.3017,432.467,,,,
BMKY_CEERS6126,experiments/host_prior,BMKY_CEERS6126,"Section 4.4, Figures 5 and 6",3555.38,5326.48,6145.8,-2.95171,-1.88072,-0.383595,6.48838,9.76504,10.3895,0.870461,25.6022,403.989,,,,
BMKY_MoMBH1,experiments/host_prior,BMKY_MoMBH1,"Section 4.4, Figures 5 and 6",4933.41,5104.11,5253.44,-3.00744,-2.264,-1.31602,10.8082,10.8388,10.8888,10.2225,80.4198,391.319,,,,
BMKY_RUBIES_EGS28812,experiments/host_prior,BMKY_RUBIES_EGS28812,"Section 4.4, Figures 5 and 6",4864.16,4986.23,5123.83,-3.13335,-2.50165,-0.12799,10.1855,10.2645,10.3402,0.522568,125.359,547.678,,,,
BMKY_RUBIES_EGS29489,experiments/host_prior,BMKY_RUBIES_EGS29489,"Section 4.4, Figures 5 and 6",4501.03,4626.1,4712.04,-3.32707,-2.94918,-0.901625,9.96041,10.0012,10.0363,2.53471,252.083,589.395,,,,
BMKY_RUBIES_EGS37124,experiments/host_prior,BMKY_RUBIES_EGS37124,"Section 4.4, Figures 5 and 6",3277.45,5366.51,6328,-2.83321,-1.32165,-0.0726471,6.21096,8.87803,10.6236,0.393924,6.65328,283.331,,,,
BMKY_RUBIES_EGS42232,experiments/host_prior,BMKY_RUBIES_EGS42232,"Section 4.4, Figures 5 and 6",4857.18,4977.91,5059.9,-2.12292,-1.14116,-0.00537337,10.3703,10.407,10.4433,0.380631,5.72955,52.7423,,,,
BMKY_RUBIES_EGS42803,experiments/host_prior,BMKY_RUBIES_EGS42803,"Section 4.4, Figures 5 and 6",4739.92,4880.36,5000.18,-2.25486,-1.01014,-0.0323351,10.3946,10.4485,10.5026,0.371549,3.88118,67.2013,,,,
BMKY_RUBIES_EGS53254,experiments/host_prior,BMKY_RUBIES_EGS53254,"Section 4.4, Figures 5 and 6",2873.65,4447.84,6020.75,-2.76008,-1.42611,-0.140813,6.35844,8.98613,10.4582,0.265476,5.3071,134.864,,,,
BMKY_RUBIES_EGS61496,experiments/host_prior,BMKY_RUBIES_EGS61496,"Section 4.4, Figures 5 and 6",4690.85,4868.78,5052.45,-2.81099,-1.51041,-0.266522,9.93673,9.99871,10.0644,0.688219,12.4709,211.147,,,,
BMKY_RUBIES_EGS926125,experiments/host_prior,BMKY_RUBIES_EGS926125,"Section 4.4, Figures 5 and 6",3543.63,3787.86,4097.77,-1.95189,-1.04889,-0.311038,10.2987,10.373,10.4472,0.238007,1.4419,15.0478,,,,
BMKY_RUBIES_EGS927271,experiments/host_prior,BMKY_RUBIES_EGS927271,"Section 4.4, Figures 5 and 6",3430.56,4070.75,4691.34,-2.41581,-1.09061,-0.000597068,9.97609,10.1734,10.3855,0.160911,2.23816,46.8604,,,,
BMKY_RUBIES_EGS948917,experiments/host_prior,BMKY_RUBIES_EGS948917,"Section 4.4, Figures 5 and 6",3996.3,4379.65,4585.76,-2.36663,-0.945001,-0.0150081,10.5012,10.5618,10.6576,0.171433,2.15206,63.2414,,,,
BMKY_RUBIES_EGS952625,experiments/host_prior,BMKY_RUBIES_EGS952625,"Section 4.4, Figures 5 and 6",2943.5,4468.45,6098.37,-2.94248,-1.70895,-0.218769,6.16878,8.69602,10.2478,0.366405,9.07636,255.147,,,,
BMKY_RUBIES_EGS966323,experiments/host_prior,BMKY_RUBIES_EGS966323,"Section 4.4, Figures 5 and 6",3353.01,3966.99,4637.68,-2.86976,-1.64223,-0.377453,10.3728,10.633,10.9375,0.376576,6.9371,110.766,,,,
BMKY_RUBIES_UDS119957,experiments/host_prior,BMKY_RUBIES_UDS119957,"Section 4.4, Figures 5 and 6",4128.18,4307.8,4510.64,-1.43198,-0.409431,0.211807,10.0683,10.113,10.1563,0.118738,0.554326,7.14081,,,,
BMKY_RUBIES_UDS144195,experiments/host_prior,BMKY_RUBIES_UDS144195,"Section 4.4, Figures 5 and 6",4906.54,4999.34,5084.9,-1.06868,-0.322589,0.18767,10.2187,10.2395,10.2685,0.252553,0.853407,4.96264,,,,
BMKY_RUBIES_UDS149298,experiments/host_prior,BMKY_RUBIES_UDS149298,"Section 4.4, Figures 5 and 6",5240.67,5392.93,5538.39,-3.26893,-2.77444,-1.99723,10.2254,10.2488,10.2846,58.4504,312.347,982.182,,,,
BMKY_RUBIES_UDS167741,experiments/host_prior,BMKY_RUBIES_UDS167741,"Section 4.4, Figures 5 and 6",3546,3805.47,4102.63,-2.2398,-1.0617,-0.116967,9.97047,10.0513,10.1109,0.158643,1.54174,28.6763,,,,
BMKY_RUBIES_UDS172350,experiments/host_prior,BMKY_RUBIES_UDS172350,"Section 4.4, Figures 5 and 6",4039.97,4661.05,5053.01,-2.64783,-0.925712,0.0261353,9.24635,10.3353,10.4216,0.246935,2.38381,110.418,,,,
BMKY_RUBIES_UDS23438,experiments/host_prior,BMKY_RUBIES_UDS23438,"Section 4.4, Figures 5 and 6",4340.88,4500.66,4639.78,-3.02071,-1.83701,-0.455782,9.8902,9.95794,10.0125,0.695874,19.8986,261.877,,,,
BMKY_RUBIES_UDS29813,experiments/host_prior,BMKY_RUBIES_UDS29813,"Section 4.4, Figures 5 and 6",4435.31,4750.06,4991.65,-2.58707,-1.12568,-0.022019,9.73805,9.81608,9.88447,0.309008,4.58467,121.965,,,,
BMKY_RUBIES_UDS31747,experiments/host_prior,BMKY_RUBIES_UDS31747,"Section 4.4, Figures 5 and 6",4800.15,4901.73,5024.75,-3.21955,-2.6994,-0.619648,10.2447,10.2939,10.3619,1.68456,181.252,596.143,,,,
BMKY_RUBIES_UDS33938,experiments/host_prior,BMKY_RUBIES_UDS33938,"Section 4.4, Figures 5 and 6",3339.34,3853.6,4447.5,-2.92672,-1.86323,-0.535999,10.1501,10.4339,10.6577,0.506043,10.7913,113.712,,,,
BMKY_RUBIES_UDS36171,experiments/host_prior,BMKY_RUBIES_UDS36171,"Section 4.4, Figures 5 and 6",3406.12,5644.39,6461.29,-2.92931,-1.51945,-0.114406,6.85139,10.1557,10.4462,0.552701,12.7338,396.835,,,,
BMKY_RUBIES_UDS40579,experiments/host_prior,BMKY_RUBIES_UDS40579,"Section 4.4, Figures 5 and 6",4642.16,4693.9,4775.02,-3.29067,-2.8626,-2.38593,11.2614,11.3031,11.3373,81.0502,222.974,592.347,,,,
BMKY_RUBIES_UDS50716,experiments/host_prior,BMKY_RUBIES_UDS50716,"Section 4.4, Figures 5 and 6",2905.31,4215.46,5536.05,-2.81737,-1.27512,0.0103792,6.25278,9.66074,10.5594,0.144608,3.67613,118.026,,,,
BMKY_RUBIES_UDS53692,experiments/host_prior,BMKY_RUBIES_UDS53692,"Section 4.4, Figures 5 and 6",3490.24,5043.95,6100.89,-2.86278,-1.55304,-0.162522,5.93904,8.59816,10.3208,0.424789,11.2508,266.223,,,,
BMKY_RUBIES_UDS807469,experiments/host_prior,BMKY_RUBIES_UDS807469,"Section 4.4, Figures 5 and 6",5122.3,5872.41,6467.8,-2.81062,-1.43149,-0.1475,11.0476,11.406,11.627,0.967516,16.7895,417.013,,,,
BMKY_RUBIES_UDS830237,experiments/host_prior,BMKY_RUBIES_UDS830237,"Section 4.4, Figures 5 and 6",3045.62,4668.9,6074.87,-2.81222,-1.49095,-0.156325,5.90456,8.24361,9.87518,0.347128,7.54757,180.235,,,,
BMKY_RUBIES_UDS848745,experiments/host_prior,BMKY_RUBIES_UDS848745,"Section 4.4, Figures 5 and 6",3364.79,4134.67,4592.9,-2.22798,-0.861084,0.0314032,10.4415,10.6089,10.8708,0.117394,1.23536,37.7824,,,,
BMKY_RUBIES_UDS967770,experiments/host_prior,BMKY_RUBIES_UDS967770,"Section 4.4, Figures 5 and 6",3502.75,5621.59,6375.79,-2.98848,-1.71334,-0.246584,6.72535,10.0579,10.283,0.603783,21.0868,497.61,,,,
BMKY_RUBIES_UDS970351,experiments/host_prior,BMKY_RUBIES_UDS970351,"Section 4.4, Figures 5 and 6",4722.31,4865.95,5019.56,-2.90015,-1.73456,-0.455632,10.0223,10.0771,10.1396,1.05978,20.6667,256.139,,,,
BMKY_SOK_1180_13329,experiments/host_prior,BMKY_SOK_1180_13329,"Section 4.4, Figures 5 and 6",4266.85,4433.73,4546.17,-2.55817,-1.53906,-0.71918,9.96198,9.99672,10.0324,1.16327,8.93395,94.5778,,,,
BMKY_SOK_1181_53501,experiments/host_prior,BMKY_SOK_1181_53501,"Section 4.4, Figures 5 and 6",4524.94,4649.24,4783.41,-3.32485,-2.95393,-2.0268,10.0616,10.0809,10.1006,36.675,258.033,593.391,,,,
BMKY_SOK_1181_73488,experiments/host_prior,BMKY_SOK_1181_73488,"Section 4.4, Figures 5 and 6",4268.09,4378.3,4450.48,-2.8752,-2.45472,-1.89567,10.1222,10.1346,10.1513,19.0236,69.779,164.328,,,,
BMKY_SOK_1286_159717,experiments/host_prior,BMKY_SOK_1286_159717,"Section 4.4, Figures 5 and 6",3443.68,3549.51,3706.22,-3.13567,-2.46795,-1.8982,10.6508,10.6923,10.7377,8.36107,31.7912,136.865,,,,
BMKY_SOK_1286_38562,experiments/host_prior,BMKY_SOK_1286_38562,"Section 4.4, Figures 5 and 6",3710.91,3882.92,4006.69,-2.51568,-1.9866,-1.64084,10.068,10.0949,10.1203,5.74378,14.0071,52.4494,,,,
BMKY_SOK_4106_83161,experiments/host_prior,BMKY_SOK_4106_83161,"Section 4.4, Figures 5 and 6",3190.49,4629.45,5933.4,-2.82329,-1.3951,-0.131202,6.70019,9.14708,10.5373,0.29981,5.87219,196.899,,,,
BMKY_SOK_4106_85168,experiments/host_prior,BMKY_SOK_4106_85168,"Section 4.4, Figures 5 and 6",3107.21,4010.12,5381.03,-2.82101,-1.49414,-0.173052,7.39784,10.3619,10.9293,0.237075,4.98902,115.239,,,,
BMKY_SOK_5224_920396,experiments/host_prior,BMKY_SOK_5224_920396,"Section 4.4, Figures 5 and 6",4287.08,4629.1,4852.1,-1.89012,-0.368926,0.288195,10.3143,10.3794,10.4558,0.122727,0.663469,26.7681,,,,
BMKY_UDS31092,experiments/host_prior,BMKY_UDS31092,"Section 4.4, Figures 5 and 6",3932.5,4259.16,4496.72,-1.85644,-0.863448,-0.0113744,10.4192,10.4737,10.5378,0.157302,1.53609,18.8248,,,,
lrds2MY_J000927,experiments/host_prior,lrds2MY_J000927,"Section 4.4, Figures 5 and 6",3591.69,3790.61,4051.09,-2.69906,-1.76853,-1.12045,9.86851,9.93648,10.008,1.585,8.09955,73.2544,,,,
lrds2MY_J012930,experiments/host_prior,lrds2MY_J012930,"Section 4.4, Figures 5 and 6",3600.52,3821.93,4028.33,-3.08319,-1.45846,-0.91545,9.44458,9.47688,9.49717,1.002,3.87731,180.285,,,,
lrds2MY_J024337,experiments/host_prior,lrds2MY_J024337,"Section 4.4, Figures 5 and 6",3562.51,3691.2,3861.63,-2.99566,-2.58298,-2.18275,9.83894,10.0103,10.1018,18.2366,46.0994,123.231,,,,
lrds2MY_J071635,experiments/host_prior,lrds2MY_J071635,"Section 4.4, Figures 5 and 6",3590.56,3740.86,3903.72,-2.35713,-2.20052,-2.06566,9.72775,9.74478,9.7616,14.1549,20.1692,29.7042,,,,
lrds2MY_J082606,experiments/host_prior,lrds2MY_J082606,"Section 4.4, Figures 5 and 6",4578.46,4795.63,4957.94,-2.10379,-1.52051,-0.805862,10.3597,10.4054,10.4612,2.16454,11.6385,40.7834,,,,
lrds2MY_J082921,experiments/host_prior,lrds2MY_J082921,"Section 4.4, Figures 5 and 6",3591.16,3761.29,3907.45,-3.03847,-2.67288,-2.4923,10.33,10.3594,10.3842,37.6436,60.6281,142.522,,,,
lrds2MY_J094411,experiments/host_prior,lrds2MY_J094411,"Section 4.4, Figures 5 and 6",4958.44,4982.69,4995.17,-3.30246,-2.94758,-2.66139,10.6004,10.6073,10.6157,181.118,349.156,791.56,,,,
lrds2MY_J101742,experiments/host_prior,lrds2MY_J101742,"Section 4.4, Figures 5 and 6",4530.32,4690.69,4803.35,-1.05788,-0.570409,-0.0825942,10.4271,10.4706,10.5175,0.337998,1.1448,3.80266,,,,
lrds2MY_J102553,experiments/host_prior,lrds2MY_J102553,"Section 4.4, Figures 5 and 6",4237.02,4344.25,4460.57,-2.74805,-2.54756,-2.40639,11.0216,11.0874,11.1588,58.1629,80.7939,126.842,,,,
lrds2MY_J104242,experiments/host_prior,lrds2MY_J104242,"Section 4.4, Figures 5 and 6",4287.6,4410.95,4583.18,-1.7673,-1.11175,-0.313855,10.5396,10.5999,10.7004,0.50077,3.2183,15.0697,,,,
lrds2MY_J105620,experiments/host_prior,lrds2MY_J105620,"Section 4.4, Figures 5 and 6",3558.97,3703.49,3923.05,-3.08373,-2.44149,-1.58143,9.8438,9.93765,10.0003,4.71532,33.5839,149.532,,,,
lrds2MY_J105900,experiments/host_prior,lrds2MY_J105900,"Section 4.4, Figures 5 and 6",3803.65,5233.42,6255.62,-2.85141,-1.8189,-0.637963,6.29638,7.93344,10.2544,0.974687,29.5523,390.219,,,,
lrds2MY_J111943,experiments/host_prior,lrds2MY_J111943,"Section 4.4, Figures 5 and 6",3581.61,3742.11,3918.12,-3.09176,-2.65412,-2.25098,9.76891,9.80198,9.83189,21.8225,56.9122,159.215,,,,
lrds2MY_J113734,experiments/host_prior,lrds2MY_J113734,"Section 4.4, Figures 5 and 6",3601.93,3814.21,4037.08,-2.76841,-1.93195,-0.761776,9.75218,9.85299,9.9406,0.816314,11.9381,82.8627,,,,
lrds2MY_J132137,experiments/host_prior,lrds2MY_J132137,"Section 4.4, Figures 5 and 6",3580.49,3732.05,3892.55,-1.68162,-1.4925,-1.32629,9.45709,9.46923,9.48493,2.51685,3.87673,6.29382,,,,
lrds2MY_J134317,experiments/host_prior,lrds2MY_J134317,"Section 4.4, Figures 5 and 6",3727.98,3981.18,4257.74,-2.25221,-1.57566,-0.674588,9.12839,9.16651,9.20324,0.732052,6.24036,30.959,,,,
lrds2MY_J142337,experiments/host_prior,lrds2MY_J142337,"Section 4.4, Figures 5 and 6",4871.19,4936.94,4983.45,-3.1684,-2.81584,-2.53631,10.6146,10.6652,10.7142,131.826,244.996,556.444,,,,
lrds2MY_J150252,experiments/host_prior,lrds2MY_J150252,"Section 4.4, Figures 5 and 6",3611.09,3797.24,3953.25,-1.24062,-1.06595,-0.923927,9.86159,9.87493,9.89349,1.03286,1.53091,2.44976,,,,
lrds2MY_J161102,experiments/host_prior,lrds2MY_J161102,"Section 4.4, Figures 5 and 6",4898.46,5085.85,5271.32,-3.15476,-2.34997,-0.473518,10.3563,10.3781,10.4049,1.49484,96.601,538.069,,,,
lrds2MY_J162032,experiments/host_prior,lrds2MY_J162032,"Section 4.4, Figures 5 and 6",3629.47,3867.46,4131.87,-2.89503,-1.76257,-0.522264,9.55155,9.69474,9.86693,0.57379,9.14649,110.911,,,,
lrds2MY_J164102,experiments/host_prior,lrds2MY_J164102,"Section 4.4, Figures 5 and 6",3604.95,3810.28,4012.14,-2.6201,-1.80587,-1.00851,10.5124,10.7461,10.9485,1.42484,8.68603,56.2666,,,,
lrds2MY_J164226,experiments/host_prior,lrds2MY_J164226,"Section 4.4, Figures 5 and 6",4942.4,4972.3,4991.57,-3.40992,-3.19545,-2.83205,10.5801,10.5884,10.5979,264.742,615.495,1009.24,,,,
lrds2MY_J164637,experiments/host_prior,lrds2MY_J164637,"Section 4.4, Figures 5 and 6",4782.79,4811.33,4858.22,-3.31231,-3.00863,-2.71142,10.773,10.8085,10.8491,178.375,351.897,712.957,,,,
lrds2MY_J165450,experiments/host_prior,lrds2MY_J165450,"Section 4.4, Figures 5 and 6",4871.82,4917.38,4952.84,-2.77099,-2.37439,-2.22514,10.6406,10.6784,10.7959,64.1279,88.3043,217.923,,,,
lrds2MY_J171741,experiments/host_prior,lrds2MY_J171741,"Section 4.4, Figures 5 and 6",3972.94,3989.39,3997.87,-2.53164,-2.50114,-2.47146,10.2508,10.2539,10.2572,47.9933,51.4794,55.3383,,,,
lrds2MY_J190954,experiments/host_prior,lrds2MY_J190954,"Section 4.4, Figures 5 and 6",3606.92,3798.56,4047.08,-3.2915,-2.90198,-2.28732,9.7311,9.78439,9.84797,26.8284,107.216,266.146,,,,
lrds2MY_J212725,experiments/host_prior,lrds2MY_J212725,"Section 4.4, Figures 5 and 6",4623.4,4856.77,5041.1,-1.60005,-0.77115,-0.125022,10.3317,10.3987,10.5073,0.454811,2.11401,14.7385,,,,
lrds2MY_J225535,experiments/host_prior,lrds2MY_J225535,"Section 4.4, Figures 5 and 6",3601.57,3827.16,4039.29,-3.24984,-2.70306,-0.193541,9.85055,9.9341,10.0194,0.189298,77.6853,266.643,,,,
lrds2M_MOCK_R5D_bright_sub,experiments/injection_recovery/desi,lrds2M_MOCK_R5D_bright_sub,Not quoted in v2 (v1 Section 4.4),4547.97,4596.28,4648.18,-1.12778,-0.939877,-0.779738,10.485,10.5085,10.5334,1.72697,2.49987,3.8422,,,,
lrds2M_MOCK_R5D_bright_super,experiments/injection_recovery/desi,lrds2M_MOCK_R5D_bright_super,Not quoted in v2 (v1 Section 4.4),4705.27,4741.79,4811.75,-2.94174,-2.75157,-2.54873,10.3047,10.3454,10.3815,120.622,181.591,280.216,,,,
lrds2M_MOCK_R5D_faint_sub,experiments/injection_recovery/desi,lrds2M_MOCK_R5D_faint_sub,Not quoted in v2 (v1 Section 4.4),4068.97,5194.53,6389.41,-2.66329,-1.76793,-0.086962,6.87531,9.87357,10.586,0.72588,30.5943,156.711,,,,
lrds2M_MOCK_R5D_faint_super,experiments/injection_recovery/desi,lrds2M_MOCK_R5D_faint_super,Not quoted in v2 (v1 Section 4.4),4145.56,4734.15,5660.29,-2.76105,-1.16392,-0.0213568,6.17836,9.59906,10.0484,0.446769,4.81204,185.444,,,,
BMKP_egg_duste_sfree_zfree_injrec,experiments/injection_recovery/egg,BMKP_egg_duste_sfree_zfree_injrec,Not quoted in v2 (v1 Appendix C),4482.97,4490.92,4503.84,-2.97461,-2.96823,-2.9628,9.88368,9.88588,9.8882,240.926,243.502,246.461,,,,
BMKA_MOCK_R5_bright_sub_m3,experiments/injection_recovery/prism,BMKA_MOCK_R5_bright_sub_m3,Not quoted in v2 (v1 Section 4.4),3137.52,4324.71,5306.26,-2.32835,-1.25415,-0.238842,6.69215,9.02195,9.58279,0.264059,2.45924,69.2517,,,,
BMKA_MOCK_R5_bright_super_m3,experiments/injection_recovery/prism,BMKA_MOCK_R5_bright_super_m3,Not quoted in v2 (v1 Section 4.4),3588.24,5128.87,6048.47,-2.86903,-1.60838,-0.0596128,5.6841,7.77228,9.65274,0.478548,12.7624,262.499,,,,
BMKA_MOCK_R5_faint_sub_m3,experiments/injection_recovery/prism,BMKA_MOCK_R5_faint_sub_m3,Not quoted in v2 (v1 Section 4.4),2882.75,4908.23,6190.89,-2.69644,-1.34291,-0.0169625,6.01455,8.24478,10.2102,0.208393,4.82693,196.539,,,,
BMKA_MOCK_R5_faint_super_m3,experiments/injection_recovery/prism,BMKA_MOCK_R5_faint_super_m3,Not quoted in v2 (v1 Section 4.4),3074.04,4714.51,6063.13,-2.62925,-1.21491,0.0305726,6.26557,8.78885,10.5384,0.192084,4.16181,115.618,,,,
BMKA_MOCK_cliff_m3,experiments/injection_recovery/prism,BMKA_MOCK_cliff_m3,Not quoted in v2 (v1 Section 4.4),4499.54,4960.27,5274.14,-3.00725,-1.59587,-0.248162,10.4192,10.5446,10.6734,0.730081,17.8841,295.07,,,,
BMKP_CAPERS_2c_smc_ujy,experiments/photometric_anchoring,BMKP_CAPERS_2c_smc_ujy,Section 2.1,4466.54,4502.1,4546.54,-3.10593,-2.85024,-2.69136,10.0005,10.0336,10.0801,130.846,185.288,337.767,2139.23,-0.0346501,9.20128,0.0148404
BMKP_CAPERS_2c_smc_ujy_photcal,experiments/photometric_anchoring,BMKP_CAPERS_2c_smc_ujy_photcal,Section 2.1,4484.27,4504.31,4530.01,-3.3713,-3.13278,-2.87764,10.0003,10.0466,10.0614,198.475,360.534,624.451,2025.96,-0.269462,8.9973,0.020153
BMKP_CAPERS_2c_smc_ujy_photcal2,experiments/photometric_anchoring,BMKP_CAPERS_2c_smc_ujy_photcal2,Section 2.1,4470.15,4508.97,4544.88,-3.12514,-2.8703,-2.79065,9.98055,10.007,10.0459,164.932,196.619,359.185,2091.76,-0.534396,8.96461,0.0413605
BMKP_CAPERS_2c_smc_ujy_photcal3,experiments/photometric_anchoring,BMKP_CAPERS_2c_smc_ujy_photcal3,Section 2.1,4481.84,4520.21,4567.18,-3.29467,-2.90456,-2.81574,9.97764,10.0068,10.0368,175.856,214.441,528.278,2101.43,-0.292023,8.93631,0.0261434
BMKP_UNCOVER_2c_smc_r300_ujy,experiments/photometric_anchoring,BMKP_UNCOVER_2c_smc_r300_ujy,Section 2.1,4075.98,4082.75,4092.09,-3.42222,-3.31295,-3.20913,10.1412,10.1472,10.1564,290.063,368.47,472.488,2006.29,-0.682285,8.80572,0.0506992
BMKP_UNCOVER_2c_smc_r300_ujy_photcal3,experiments/photometric_anchoring,BMKP_UNCOVER_2c_smc_r300_ujy_photcal3,Section 2.1,3952,3977.7,3996.67,-3.42951,-3.23506,-3.15898,10.2792,10.2968,10.3023,233.735,275.763,425.639,2837.29,0.137697,6.46479,0.0312124
BMKP_UNCOVER_2c_smc_r300_ujy_photcal4,experiments/photometric_anchoring,BMKP_UNCOVER_2c_smc_r300_ujy_photcal4,Section 2.1,3974.93,3994.89,4004.46,-3.42373,-3.31262,-3.19417,10.2427,10.2496,10.2562,254.335,335.302,433.074,2018.98,-0.771853,9.03245,0.0639596
BMKC_CLIFF_m3_pilot_2c,experiments/two_component_test,BMKC_CLIFF_m3_pilot_2c,Not quoted in v2 (v1 Section 4.4),4532.45,4653.4,4763.12,-3.32405,-2.95775,-2.2131,10.5437,10.5792,10.6357,53.8533,261.948,606.823,2861.93,-1.36729,7.07062,0.925793
BMKC_EGS42046_m3_2c,experiments/two_component_test,BMKC_EGS42046_m3_2c,Not quoted in v2 (v1 Section 4.4),4873.64,5037.71,5180.61,-2.35653,-1.68674,-0.810554,10.7078,10.7768,10.8385,2.82541,20.9146,88.44,2740.13,-0.695348,6.7765,0.168984
BMKC_EGS49140_m3_2c,experiments/two_component_test,BMKC_EGS49140_m3_2c,Not quoted in v2 (v1 Section 4.4),5054.88,5179.28,5279.03,-1.90724,-1.00888,-0.358801,11.0686,11.1034,11.1381,1.05609,4.89238,36.0371,2446.34,-0.682064,6.46036,0.107858
BMKC_EGS55604_m3_2c,experiments/two_component_test,BMKC_EGS55604_m3_2c,Not quoted in v2 (v1 Section 4.4),4741.12,4951.35,5103.35,-2.16715,-0.757448,0.0162252,11.0366,11.1144,11.1574,0.395363,2.45136,54.1152,3075.56,-1.03196,6.98427,0.579926
BMKC_GN38147_dja_m3_2c,experiments/two_component_test,BMKC_GN38147_dja_m3_2c,Not quoted in v2 (v1 Section 4.4),3620.98,3900.12,5611.84,-2.18477,-1.77377,-0.888133,5.4303,10.4423,10.5141,2.50838,8.7988,30.5534,3022.06,-1.83697,9.92848,3.27138
BMKC_GN68797_dja_m3_2c,experiments/two_component_test,BMKC_GN68797_dja_m3_2c,Not quoted in v2 (v1 Section 4.4),3790.34,3873.87,3955.31,-0.107631,0.112609,0.342221,11.4705,11.4889,11.5061,0.0647519,0.11179,0.191074,2421.63,0.176432,7.31791,0.0147823
BMKC_RUBIES_EGS28812_m3_2c,experiments/two_component_test,BMKC_RUBIES_EGS28812_m3_2c,Not quoted in v2 (v1 Section 4.4),4642.7,4774.63,4913.3,-3.17413,-2.47296,-0.332256,10.0503,10.1095,10.1858,0.833782,101.175,453.335,2581.46,-2.00357,6.19562,2.81021
BMKC_RUBIES_EGS29489_m3_2c,experiments/two_component_test,BMKC_RUBIES_EGS29489_m3_2c,Not quoted in v2 (v1 Section 4.4),4426.66,4501.39,4606.01,-3.24198,-2.14671,-0.832802,9.94073,9.96057,9.99486,1.79113,41.5568,446.337,3214.63,-1.95936,7.37923,5.80952
BMKC_RUBIES_EGS37124_m3_2c,experiments/two_component_test,BMKC_RUBIES_EGS37124_m3_2c,Not quoted in v2 (v1 Section 4.4),5047.8,5874.29,6453.99,-2.8476,-1.59211,-0.231712,7.67959,10.4891,10.7524,0.986752,29.2848,489.635,2842.14,-1.65518,7.43025,1.20241
BMKC_RUBIES_EGS42232_m3_2c,experiments/two_component_test,BMKC_RUBIES_EGS42232_m3_2c,Not quoted in v2 (v1 Section 4.4),4536.38,4759.61,4902.6,-2.04356,-0.660714,0.209762,10.2885,10.3333,10.3806,0.176713,1.52507,40.2448,2547.45,-1.86323,7.02702,2.04892
BMKC_RUBIES_EGS42803_m3_2c,experiments/two_component_test,BMKC_RUBIES_EGS42803_m3_2c,Not quoted in v2 (v1 Section 4.4),4276.69,4658,4849.24,-2.24393,-1.35714,-0.779109,10.3091,10.4171,10.4962,1.56185,6.8094,55.954,2887.81,-1.86841,8.99329,3.60689
BMKC_RUBIES_EGS53254_m3_2c,experiments/two_component_test,BMKC_RUBIES_EGS53254_m3_2c,Not quoted in v2 (v1 Section 4.4),4031.72,5198.19,6177.26,-2.74896,-1.42223,-0.145796,6.03952,8.29156,10.1319,0.487151,11.2225,278.043,2721.28,-1.48778,8.15094,1.06492
BMKC_RUBIES_EGS61496_m3_2c,experiments/two_component_test,BMKC_RUBIES_EGS61496_m3_2c,Not quoted in v2 (v1 Section 4.4),4402.04,4672.08,4864.62,-2.31278,-1.03601,-0.0271493,9.82422,9.9011,9.97233,0.275507,3.34732,65.6182,2829.24,-0.993239,6.80104,0.374894
BMKC_RUBIES_EGS926125_m3_2c,experiments/two_component_test,BMKC_RUBIES_EGS926125_m3_2c,Not quoted in v2 (v1 Section 4.4),3778.71,4022.69,4252.49,-2.18884,-1.45655,-0.807393,10.1664,10.3011,10.3766,1.10988,4.99646,34.1619,2342.69,-1.06308,6.54803,0.277076
BMKC_RUBIES_EGS927271_m3_2c,experiments/two_component_test,BMKC_RUBIES_EGS927271_m3_2c,Not quoted in v2 (v1 Section 4.4),3738.68,4317.4,5667.21,-2.50417,-1.31666,-0.150099,7.54485,9.88938,10.1885,0.389265,6.46882,70.2561,3074.13,-2.07122,9.61143,5.14719
BMKC_RUBIES_EGS948917_m3_2c,experiments/two_component_test,BMKC_RUBIES_EGS948917_m3_2c,Not quoted in v2 (v1 Section 4.4),3764.51,4280.35,4578.72,-1.58234,-0.928536,0.0791789,10.4476,10.5345,10.6425,0.184563,1.57097,7.79166,2883.59,-2.42907,8.96508,12.1777
BMKC_RUBIES_EGS952625_m3_2c,experiments/two_component_test,BMKC_RUBIES_EGS952625_m3_2c,Not quoted in v2 (v1 Section 4.4),3914.98,4945.67,6073.71,-2.90048,-1.60576,-0.218183,5.93089,8.81349,10.1599,0.599848,14.7377,291.835,2716.99,-1.45041,8.21605,1.01626
BMKC_RUBIES_EGS966323_m3_2c,experiments/two_component_test,BMKC_RUBIES_EGS966323_m3_2c,Not quoted in v2 (v1 Section 4.4),3651.76,4048.38,4800.79,-2.32499,-0.670849,0.174101,7.13091,10.0126,10.5545,0.123188,0.868205,51.1539,3179.5,-1.72928,10.6389,3.01558
BMKC_RUBIES_UDS119957_m3_2c,experiments/two_component_test,BMKC_RUBIES_UDS119957_m3_2c,Not quoted in v2 (v1 Section 4.4),3871.78,4027.97,4218.65,-1.02326,-0.358692,0.178817,10.0292,10.0686,10.1057,0.104795,0.371405,2.08469,2653.45,-2.06717,7.3328,3.79231
BMKC_RUBIES_UDS144195_m3_2c,experiments/two_component_test,BMKC_RUBIES_UDS144195_m3_2c,Not quoted in v2 (v1 Section 4.4),4843.19,4946.91,5030.59,-2.69142,-1.0314,-0.325136,10.1706,10.2028,10.2356,0.826318,4.32855,173.466,2742.18,-1.36529,7.59055,0.81539
BMKC_RUBIES_UDS149298_m3_2c,experiments/two_component_test,BMKC_RUBIES_UDS149298_m3_2c,Not quoted in v2 (v1 Section 4.4),5234.08,5341.75,5495.84,-3.27049,-2.79736,-1.98556,10.2199,10.2325,10.2517,55.3197,319.241,949.924,2685.6,-1.95039,6.67137,2.86695
BMKC_RUBIES_UDS167741_m3_2c,experiments/two_component_test,BMKC_RUBIES_UDS167741_m3_2c,Not quoted in v2 (v1 Section 4.4),3662.59,4177.6,5312.27,-1.85723,-0.563501,0.109957,5.57538,7.4563,10.0807,0.104188,0.985031,21.1986,3284.24,-1.68822,9.93292,2.8251
BMKC_RUBIES_UDS172350_m3_2c,experiments/two_component_test,BMKC_RUBIES_UDS172350_m3_2c,Not quoted in v2 (v1 Section 4.4),3929.65,4409.75,4798.17,-2.64656,-1.38328,-0.0971848,9.24614,10.0575,10.2718,0.284928,6.61049,97.1556,2730.95,-1.29487,7.34958,0.85089
BMKC_RUBIES_UDS23438_m3_2c,experiments/two_component_test,BMKC_RUBIES_UDS23438_m3_2c,Not quoted in v2 (v1 Section 4.4),4294.61,4448.62,4569.16,-3.0894,-2.56984,-2.05717,9.83935,9.87755,9.9148,30.7325,95.8715,276.67,2583.59,-1.12615,7.51724,0.385468
BMKC_RUBIES_UDS29813_m3_2c,experiments/two_component_test,BMKC_RUBIES_UDS29813_m3_2c,Not quoted in v2 (v1 Section 4.4),4097.1,4577.95,5055.41,-2.94166,-1.53108,-0.219301,8.14168,9.6185,9.73731,0.466558,9.88241,251.189,2859.4,-1.29601,8.28702,0.783592
BMKC_RUBIES_UDS31747_m3_2c,experiments/two_component_test,BMKC_RUBIES_UDS31747_m3_2c,Not quoted in v2 (v1 Section 4.4),4764.82,4883.76,4999.02,-2.86555,-1.2639,-0.10508,10.1976,10.2428,10.2859,0.47494,7.1603,244.946,2881.69,-1.40453,7.04963,1.05389
BMKC_RUBIES_UDS33938_m3_2c,experiments/two_component_test,BMKC_RUBIES_UDS33938_m3_2c,Not quoted in v2 (v1 Section 4.4),3719.44,4158.89,5502.83,-2.9968,-1.84597,-0.45391,7.70508,10.0874,10.3944,0.636635,18.4679,230.805,3024.64,-1.65878,9.47787,1.91174
BMKC_RUBIES_UDS36171_m3_2c,experiments/two_component_test,BMKC_RUBIES_UDS36171_m3_2c,Not quoted in v2 (v1 Section 4.4),4170.05,5391.87,6301.59,-2.79376,-1.57375,-0.0774901,6.00822,8.42548,10.1635,0.65625,16.6485,275.159,2703.76,-1.56127,7.88564,1.2278
BMKC_RUBIES_UDS40579_m3_2c,experiments/two_component_test,BMKC_RUBIES_UDS40579_m3_2c,Not quoted in v2 (v1 Section 4.4),4337.05,4435.74,4628.2,-3.35086,-3.05935,-2.5705,11.1602,11.1961,11.2381,106.724,283.117,537.495,2914.1,-0.708615,8.18487,0.223813
BMKC_RUBIES_UDS50716_m3_2c,experiments/two_component_test,BMKC_RUBIES_UDS50716_m3_2c,Not quoted in v2 (v1 Section 4.4),3885.23,4812.17,6018.65,-2.96495,-1.82829,-0.27228,6.04767,8.97949,10.3215,0.576561,23.5867,309.809,2911.22,-1.28292,9.53675,0.837357
BMKC_RUBIES_UDS53692_m3_2c,experiments/two_component_test,BMKC_RUBIES_UDS53692_m3_2c,Not quoted in v2 (v1 Section 4.4),4349.09,5225.99,6256.65,-2.9097,-1.34162,-0.0499954,6.98808,9.97109,10.3525,0.559929,8.34614,398.654,2736.87,-1.61722,7.56053,1.29524
BMKC_RUBIES_UDS807469_m3_2c,experiments/two_component_test,BMKC_RUBIES_UDS807469_m3_2c,Not quoted in v2 (v1 Section 4.4),4846.71,5779.87,6507.87,-2.72058,-1.40928,-0.200772,10.697,11.2863,11.5676,0.966995,16.2675,327.953,2806.35,-1.54736,8.00793,1.39806
BMKC_RUBIES_UDS830237_m3_2c,experiments/two_component_test,BMKC_RUBIES_UDS830237_m3_2c,Not quoted in v2 (v1 Section 4.4),4232.23,5208.67,6258.79,-2.86419,-1.51801,-0.171234,6.37521,9.34424,9.98431,0.648205,14.9573,339.228,2750.15,-1.59143,7.05031,1.27577
BMKC_RUBIES_UDS848745_m3_2c,experiments/two_component_test,BMKC_RUBIES_UDS848745_m3_2c,Not quoted in v2 (v1 Section 4.4),4054.8,4642.61,6065.51,-2.72205,-1.30342,-0.25496,7.4876,10.3421,10.5907,0.515004,7.30793,204.124,3055.6,-0.78029,10.381,0.312251
BMKC_RUBIES_UDS967770_m3_2c,experiments/two_component_test,BMKC_RUBIES_UDS967770_m3_2c,Not quoted in v2 (v1 Section 4.4),4240.6,5538.55,6394.12,-3.02108,-1.90448,-0.276517,6.0109,8.73643,10.0824,0.913405,35.7525,588.769,2757.34,-1.14574,7.75071,0.46327
BMKC_RUBIES_UDS970351_m3_2c,experiments/two_component_test,BMKC_RUBIES_UDS970351_m3_2c,Not quoted in v2 (v1 Section 4.4),4726.9,4884.75,5006.52,-2.3105,-1.64646,-0.658502,9.98054,10.0489,10.1123,1.59956,16.6029,74.1397,2621.28,-1.12892,6.97141,0.379959
BMKC_SOK_1180_13329_m3_2c,experiments/two_component_test,BMKC_SOK_1180_13329_m3_2c,Not quoted in v2 (v1 Section 4.4),4181.84,4350.86,4478.45,-2.21575,-1.62223,-0.915257,9.93758,9.96712,9.99401,1.67099,9.71423,40.7303,2667.74,-2.46161,7.61845,8.25669
BMKC_SOK_1181_53501_m3_2c,experiments/two_component_test,BMKC_SOK_1181_53501_m3_2c,Not quoted in v2 (v1 Section 4.4),4482.02,4528.74,4629.95,-3.358,-3.13893,-2.94704,10.0356,10.0561,10.0763,244.419,372.384,618.468,2576.01,-2.96625,7.78176,25.027
BMKC_SOK_1181_73488_m3_2c,experiments/two_component_test,BMKC_SOK_1181_73488_m3_2c,Not quoted in v2 (v1 Section 4.4),4229.58,4292.41,4355.86,-2.62609,-2.2708,-1.90641,10.0972,10.115,10.1313,17.5197,41.3447,92.5984,2837.36,-1.27241,7.66432,0.778955
BMKC_SOK_1286_159717_m3_2c,experiments/two_component_test,BMKC_SOK_1286_159717_m3_2c,Not quoted in v2 (v1 Section 4.4),3548.99,3686.37,3892.72,-3.23545,-0.583614,0.102912,6.73701,7.29702,10.646,0.103002,0.499431,186.878,3397.38,-2.08614,10.6951,10.737
BMKC_SOK_1286_38562_m3_2c,experiments/two_component_test,BMKC_SOK_1286_38562_m3_2c,Not quoted in v2 (v1 Section 4.4),3839.26,3964.8,4037.85,-3.04758,-2.36124,-1.92743,10.045,10.0732,10.0997,12.39,37.4525,179.592,2881.64,-2.76996,5.99049,27.9024
BMKC_SOK_4106_83161_m3_2c,experiments/two_component_test,BMKC_SOK_4106_83161_m3_2c,Not quoted in v2 (v1 Section 4.4),4070.41,5005.01,6029.82,-2.75781,-1.5046,-0.276236,6.13161,8.08408,10.2891,0.77481,12.4293,228.76,2710.36,-1.88962,7.41357,2.69584
BMKC_SOK_4106_85168_m3_2c,experiments/two_component_test,BMKC_SOK_4106_85168_m3_2c,Not quoted in v2 (v1 Section 4.4),3866.98,4658.43,5789.82,-2.8844,-1.49116,-0.184988,5.97206,8.36376,10.4081,0.444969,11.6991,230.27,2912.14,-1.67239,9.57396,1.92885
BMKC_SOK_5224_920396_m3_2c,experiments/two_component_test,BMKC_SOK_5224_920396_m3_2c,Not quoted in v2 (v1 Section 4.4),4320.01,4568.52,6008.93,-3.01227,-0.63799,0.154796,6.42511,10.3139,10.3726,0.206161,2.35835,283.557,3166.33,-1.21794,8.35075,1.11851
BMKC_UDS182791_m3_2c,experiments/two_component_test,BMKC_UDS182791_m3_2c,Not quoted in v2 (v1 Section 4.4),3836.01,4003.31,4175.7,-2.18844,-0.289648,0.274936,10.1094,10.2064,10.2464,0.0810865,0.303737,29.8984,3029.95,-2.19422,6.15568,7.56394
BMKC_UNCOVER45924_dja_m3_2c,experiments/two_component_test,BMKC_UNCOVER45924_dja_m3_2c,Not quoted in v2 (v1 Section 4.4),4986.48,5051.17,5109.09,-3.31056,-3.02142,-2.59653,11.3997,11.4268,11.4423,162.338,433.443,843.124,2353.55,-1.7478,6.77281,1.09183
BMKP_CAPERS_2c_smc_ujy_photcal4,primary,CAPERS-UDS-23216,"Section 4.1, Table 1",4473.3,4512.48,4557.01,-3.10492,-2.84634,-2.70665,9.96669,9.98898,10.0218,137.63,185.628,337.869,2165.94,-0.287672,8.9473,0.0285841
BMKP_RS_m3c_smc,primary,GN-28074,"Section 4.1, Table 1",4102.6,4110.04,4116.97,-2.98054,-2.90802,-2.8585,10.9195,10.9264,10.9325,132.834,148.485,174.714,,,,
BMKP_egg_duste_sfree_zfree_nmask,primary,J1025+1402,"Section 4.1, Table 1",4500.3,4502.44,4504.98,-3.10846,-3.05361,-3.01412,9.89146,9.89228,9.89307,273.229,299.205,338.934,,,,
BMKP_UNCOVER_2c_smc_r300_ujy_photcal,primary,UNCOVER-A2744-20698,"Section 4.1, Table 1",3979,3993.93,4002.42,-3.29546,-3.22456,-3.16791,10.2187,10.2237,10.2287,239.725,273.297,322.512,2015.35,-1.06843,8.87224,0.124859
BMKP_WIDE_2c_smc_ujy,primary,WIDE-EGS-2974,"Section 4.1, Table 1",4303.88,4379.33,4449.78,-2.75165,-2.56769,-2.36173,9.66698,9.68877,9.70904,56.302,87.3898,128.617,2110.15,-0.233024,8.96883,0.0221025
lrds2M_J000927,supplementary/desi,J000927,"Sections 2.3 and 4.4, Figures 5-7",3868.36,3968.19,4035.72,-2.58041,-2.02097,-1.55262,9.8761,9.91746,9.9623,5.60662,16.5145,58.9053,,,,
lrds2M_J012930,supplementary/desi,J012930,"Sections 2.3 and 4.4, Figures 5-7",3706.86,3895.03,4008.08,-3.06292,-2.20023,-1.71363,9.47304,9.50749,9.53576,7.5626,22.2091,160.245,,,,
lrds2M_J024337,supplementary/desi,J024337,"Sections 2.3 and 4.4, Figures 5-7",3635.07,3768.66,3917.43,-3.32254,-2.94675,-2.54145,9.8408,9.90366,9.96118,44.7169,113.622,268.587,,,,
lrds2M_J071635,supplementary/desi,J071635,"Sections 2.3 and 4.4, Figures 5-7",3594.57,3754.77,3921.86,-2.2102,-2.07677,-1.97712,9.74007,9.76054,9.7837,11.4922,15.4903,21.4282,,,,
lrds2M_J082606,supplementary/desi,J082606,"Sections 2.3 and 4.4, Figures 5-7",4184.07,4281.29,4391.64,-0.348617,0.102023,0.381299,10.4434,10.4833,10.5278,0.0852243,0.171399,0.516988,,,,
lrds2M_J082921,supplementary/desi,J082921,"Sections 2.3 and 4.4, Figures 5-7",3953.55,3977.05,3994.29,-2.9962,-2.90107,-2.76549,10.2499,10.268,10.2824,93.7034,127.412,159.091,,,,
lrds2M_J094411,supplementary/desi,J094411,"Sections 2.3 and 4.4, Figures 5-7",4956.36,4979.45,4994,-2.72825,-2.62818,-2.49738,10.564,10.5721,10.5839,125.157,166.408,209.457,,,,
lrds2M_J101742,supplementary/desi,J101742,"Sections 2.3 and 4.4, Figures 5-7",4448.25,4507.91,4557.51,-1.05315,-0.801693,-0.512636,10.3645,10.391,10.4219,0.869018,1.67881,3.03415,,,,
lrds2M_J102553,supplementary/desi,J102553,"Sections 2.3 and 4.4, Figures 5-7",4127.01,4148.32,4179.13,-3.36432,-3.072,-2.68152,11.0661,11.0986,11.1301,91.2554,227.449,440.99,,,,
lrds2M_J104242,supplementary/desi,J104242,"Sections 2.3 and 4.4, Figures 5-7",4134.86,4190.47,4266.7,-3.32184,-2.98571,-2.32404,10.6159,10.67,10.7276,42.169,193.143,416.752,,,,
lrds2M_J105620,supplementary/desi,J105620,"Sections 2.3 and 4.4, Figures 5-7",3947.49,3988.75,4002.27,-3.39471,-3.0774,-1.53995,9.82901,9.86014,9.88357,5.53317,193.407,406.057,,,,
lrds2M_J105900,supplementary/desi,J105900,"Sections 2.3 and 4.4, Figures 5-7",3631.51,3837.19,3983.3,-3.09515,-2.60582,-2.31545,10.3252,10.4105,10.4833,29.0868,54.0212,174.19,,,,
lrds2M_J111943,supplementary/desi,J111943,"Sections 2.3 and 4.4, Figures 5-7",3663.1,3836.8,3959.98,-2.64449,-2.33171,-1.92224,9.74196,9.77522,9.80681,11.282,29.0434,61.16,,,,
lrds2M_J113734,supplementary/desi,J113734,"Sections 2.3 and 4.4, Figures 5-7",3675.23,3863.91,3998.65,-2.38508,-1.81473,-1.34689,9.58577,9.63537,9.67916,2.8702,9.05441,38.1054,,,,
lrds2M_J132137,supplementary/desi,J132137,"Sections 2.3 and 4.4, Figures 5-7",3796.56,3904.61,3975.98,-1.74531,-1.54826,-1.38258,9.45584,9.4641,9.47954,3.5384,5.10929,8.27416,,,,
lrds2M_J134317,supplementary/desi,J134317,"Sections 2.3 and 4.4, Figures 5-7",3595.19,3774.76,3961.79,-1.9767,-1.28489,-0.425114,9.1421,9.18682,9.22839,0.348319,2.58695,12.4105,,,,
lrds2M_J142337,supplementary/desi,J142337,"Sections 2.3 and 4.4, Figures 5-7",4676.13,4833.91,4953.71,-0.33558,0.0620064,0.349777,10.5649,10.6103,10.6522,0.153333,0.293176,0.781463,,,,
lrds2M_J150252,supplementary/desi,J150252,"Sections 2.3 and 4.4, Figures 5-7",3677.51,3831.02,3950.97,-0.94461,-0.746422,-0.5536,9.89662,9.92671,9.95219,0.516075,0.743722,1.14024,,,,
lrds2M_J161102,supplementary/desi,J161102,"Sections 2.3 and 4.4, Figures 5-7",4759.9,4815.73,4875.58,-2.91708,-2.72824,-2.49299,10.0383,10.1128,10.1593,109.196,183.194,285.147,,,,
lrds2M_J162032,supplementary/desi,J162032,"Sections 2.3 and 4.4, Figures 5-7",3865.64,4647.18,5763.71,-2.86175,-1.60689,-0.268357,5.97581,8.5152,9.78366,0.528949,16.021,186.559,,,,
lrds2M_J164102,supplementary/desi,J164102,"Sections 2.3 and 4.4, Figures 5-7",3775.06,3959.22,4102.39,-2.16452,-1.50291,-0.531,10.1821,10.3763,10.541,0.599495,4.86975,22.6396,,,,
lrds2M_J164226,supplementary/desi,J164226,"Sections 2.3 and 4.4, Figures 5-7",5147.91,5440.33,5641.09,-2.41646,-2.38791,-2.34735,10.5818,10.592,10.6037,106.27,132.344,164.279,,,,
lrds2M_J164637,supplementary/desi,J164637,"Sections 2.3 and 4.4, Figures 5-7",4789.05,4811.08,4841.14,-3.05245,-2.83949,-2.67611,10.8219,10.8596,10.8982,163.055,238.921,391.205,,,,
lrds2M_J165450,supplementary/desi,J165450,"Sections 2.3 and 4.4, Figures 5-7",4877.97,4932.09,4969.92,-2.2541,-2.0357,-1.42129,10.5628,10.5745,10.606,10.1419,41.6639,67.6138,,,,
lrds2M_J171741,supplementary/desi,J171741,"Sections 2.3 and 4.4, Figures 5-7",3756.8,3778.44,3800.9,-2.51506,-2.5016,-2.49072,10.2641,10.2671,10.2702,40.2981,41.6524,43.2056,,,,
lrds2M_J190954,supplementary/desi,J190954,"Sections 2.3 and 4.4, Figures 5-7",3625.34,3787.27,3944.51,-3.29671,-2.85585,-2.34284,9.74729,9.79277,9.84228,29.2465,93.6729,259.453,,,,
lrds2M_J212725,supplementary/desi,J212725,"Sections 2.3 and 4.4, Figures 5-7",4558.69,4709.16,4863.32,-3.20442,-2.54785,-2.22847,10.2352,10.3027,10.3531,59.6166,111.435,451.644,,,,
lrds2M_J225535,supplementary/desi,J225535,"Sections 2.3 and 4.4, Figures 5-7",3620.76,3828.63,4139.89,-2.54832,-1.91021,0.214219,9.64292,9.98126,10.0434,0.144299,10.6276,46.6288,,,,
BMKA_glimpse17775_m3,supplementary/grating,GLIMPSE-17775,"Sections 2.3 and 4.4, Figures 5-7",6492.7,6498.59,6501.24,-3.0592,-2.16099,-1.2393,10.7776,10.7904,10.8028,19.7123,166.099,1314.79,,,,
BMKA_A2744QSO1,supplementary/prism,A2744QSO1,"Sections 2.3 and 4.4, Figures 5-7",4710.49,4769.86,4907.27,-3.26353,-2.71135,-1.85498,10.615,10.6377,10.6648,27.0266,166.698,592.234,,,,
BMKA_CEERS6126_m3,supplementary/prism,CEERS6126,"Sections 2.3 and 4.4, Figures 5-7",4967.13,5347.84,6166.54,-3.0438,-2.20595,-1.11056,10.1257,10.2812,10.4815,8.1483,94.5219,576.442,,,,
BMKA_CLIFF_m3_pilot,supplementary/prism,CLIFF_m3_pilot,"Sections 2.3 and 4.4, Figures 5-7",4462,4610.66,4723.69,-3.33066,-3.00501,-2.37564,10.5385,10.5648,10.6147,74.4476,276.544,585.685,,,,
BMKA_EGS42046_m3,supplementary/prism,EGS42046,"Sections 2.3 and 4.4, Figures 5-7",4959.06,5079.16,5177.46,-1.0482,-0.231164,0.23791,10.7597,10.8064,10.845,0.243156,0.719578,4.91394,,,,
BMKA_EGS49140_m3,supplementary/prism,EGS49140,"Sections 2.3 and 4.4, Figures 5-7",4876.78,5021.89,5136.65,-2.30282,-1.39891,-0.33616,10.9926,11.0376,11.0765,0.88433,10.8884,79.3531,,,,
BMKA_EGS55604_m3,supplementary/prism,EGS55604,"Sections 2.3 and 4.4, Figures 5-7",4508.56,4837.05,5000.34,-1.80229,-0.586783,0.0625666,11.045,11.1016,11.1432,0.240644,1.37716,24.1378,,,,
BMKA_GN15498_fr_m3,supplementary/prism,GN15498,"Sections 2.3 and 4.4, Figures 5-7",3496.42,3694.34,3887.01,-2.87601,-2.67248,-2.53221,13.6897,13.7286,13.7906,40.051,56.5563,89.4753,,,,
BMKA_GN38147_dja_m3,supplementary/prism,GN38147,"Sections 2.3 and 4.4, Figures 5-7",3435.96,3636.88,3866.64,-3.0972,-2.38709,-1.70154,10.4691,10.5283,10.5925,5.34238,28.5089,141.861,,,,
BMKA_GN68797_dja_m3,supplementary/prism,GN68797,"Sections 2.3 and 4.4, Figures 5-7",3755.6,3866.03,3978.96,-0.471716,-0.00376917,0.350581,11.4418,11.4767,11.5016,0.0617646,0.146263,0.430725,,,,
BMKA_GN9771_fr_m3,supplementary/prism,GN9771,"Sections 2.3 and 4.4, Figures 5-7",3019.1,3020.12,3021.21,-3.49903,-3.49597,-3.4897,13.7689,13.7762,13.7835,165.212,167.62,168.809,,,,
BMKA_GS13971_fr_m3,supplementary/prism,GS13971,"Sections 2.3 and 4.4, Figures 5-7",4296.75,4397.91,4514.1,-3.31422,-2.97923,-2.59415,10.2603,10.2947,10.3258,100.617,227.283,480.531,,,,
BMKA_MoMBH1,supplementary/prism,MoMBH1,"Sections 2.3 and 4.4, Figures 5-7",4891.76,4951.75,5156.79,-3.23841,-2.77034,-1.87191,10.796,10.8212,10.8705,33.7643,224.023,652.807,,,,
BMKA_RUBIES_EGS28812,supplementary/prism,RUBIES-EGS28812,"Sections 2.3 and 4.4, Figures 5-7",4548.79,4683.05,4930.43,-3.30779,-2.70418,-0.539061,10.0356,10.0844,10.1672,1.16122,159.87,602.535,,,,
BMKA_RUBIES_EGS29489,supplementary/prism,RUBIES-EGS29489,"Sections 2.3 and 4.4, Figures 5-7",4438.33,4565.53,4685.05,-1.65292,-0.828519,-0.321941,9.9609,9.99335,10.0293,0.542476,1.88791,13.8336,,,,
BMKA_RUBIES_EGS37124,supplementary/prism,RUBIES-EGS37124,"Sections 2.3 and 4.4, Figures 5-7",4291.97,5888.48,6510.64,-3.02109,-1.60046,-0.576135,8.34347,10.5774,10.7614,1.46901,19.6649,658.983,,,,
BMKA_RUBIES_EGS42232,supplementary/prism,RUBIES-EGS42232,"Sections 2.3 and 4.4, Figures 5-7",4602.11,4768.65,4913.64,-2.60834,-1.08137,0.129257,10.2939,10.3281,10.3592,0.213649,4.33986,131.193,,,,
BMKA_RUBIES_EGS42803,supplementary/prism,RUBIES-EGS42803,"Sections 2.3 and 4.4, Figures 5-7",4417.97,4714.81,4891.29,-2.45506,-1.06936,-0.102684,10.3628,10.4273,10.4927,0.36243,3.87659,91.5711,,,,
BMKA_RUBIES_EGS53254,supplementary/prism,RUBIES-EGS53254,"Sections 2.3 and 4.4, Figures 5-7",2892.5,4509.17,5964.23,-2.85361,-1.57673,-0.139632,6.28491,8.45701,10.239,0.350591,7.2828,143.497,,,,
BMKA_RUBIES_EGS61496,supplementary/prism,RUBIES-EGS61496,"Sections 2.3 and 4.4, Figures 5-7",4339.73,4682.73,4907.88,-2.04234,-0.871165,0.0352136,9.86428,9.94017,9.99651,0.231619,2.19247,37.4635,,,,
BMKA_RUBIES_EGS926125,supplementary/prism,RUBIES-EGS926125,"Sections 2.3 and 4.4, Figures 5-7",3458.99,3675.32,3920.32,-1.95685,-1.23705,-0.525547,10.2976,10.3561,10.4165,0.396493,1.98583,11.5326,,,,
BMKA_RUBIES_EGS927271,supplementary/prism,RUBIES-EGS927271,"Sections 2.3 and 4.4, Figures 5-7",3399.9,3939.16,4530.8,-2.42304,-1.215,-0.189921,9.86544,10.0851,10.3077,0.232994,2.52767,40.7509,,,,
BMKA_RUBIES_EGS948917,supplementary/prism,RUBIES-EGS948917,"Sections 2.3 and 4.4, Figures 5-7",3931.41,4293.22,4475.52,-2.22398,-1.40478,-0.578782,10.488,10.543,10.6212,0.582655,5.63882,40.811,,,,
BMKA_RUBIES_EGS952625,supplementary/prism,RUBIES-EGS952625,"Sections 2.3 and 4.4, Figures 5-7",2871.55,4295.85,5800.22,-2.81398,-1.45663,-0.165842,6.25635,8.86414,10.1944,0.278903,5.83169,120.946,,,,
BMKA_RUBIES_EGS966323,supplementary/prism,RUBIES-EGS966323,"Sections 2.3 and 4.4, Figures 5-7",3213.63,3818.69,4434.69,-2.9355,-1.91138,-0.793564,10.2859,10.6086,10.9103,0.67634,10.6955,111.353,,,,
BMKA_RUBIES_UDS119957,supplementary/prism,RUBIES-UDS119957,"Sections 2.3 and 4.4, Figures 5-7",4069.92,4269.55,4473.5,-1.58892,-0.941533,-0.23095,10.0283,10.071,10.1136,0.299968,1.86681,9.66806,,,,
BMKA_RUBIES_UDS144195,supplementary/prism,RUBIES-UDS144195,"Sections 2.3 and 4.4, Figures 5-7",4834.28,4935.41,5008.9,-1.61877,-0.644431,-0.0105461,10.1667,10.2011,10.2303,0.383033,1.69257,16.2992,,,,
BMKA_RUBIES_UDS149298,supplementary/prism,RUBIES-UDS149298,"Sections 2.3 and 4.4, Figures 5-7",5234.99,5349.96,5504.83,-3.26995,-2.7851,-1.9454,10.2219,10.2342,10.2535,50.8362,310.887,954.543,,,,
BMKA_RUBIES_UDS167741,supplementary/prism,RUBIES-UDS167741,"Sections 2.3 and 4.4, Figures 5-7",3393.21,3626.4,3914.08,-2.20131,-1.09734,-0.166346,9.92843,9.99458,10.0562,0.148338,1.39636,20.1338,,,,
BMKA_RUBIES_UDS172350,supplementary/prism,RUBIES-UDS172350,"Sections 2.3 and 4.4, Figures 5-7",3930.23,4626.23,6184.75,-2.36151,-1.29833,-0.519299,8.2074,10.0848,10.224,1.64941,5.0372,52.7258,,,,
BMKA_RUBIES_UDS23438,supplementary/prism,RUBIES-UDS23438,"Sections 2.3 and 4.4, Figures 5-7",4280.76,4412.03,4548.89,-3.12342,-2.52182,-1.62383,9.84587,9.89754,9.94711,10.6805,85.6391,299.37,,,,
BMKA_RUBIES_UDS29813,supplementary/prism,RUBIES-UDS29813,"Sections 2.3 and 4.4, Figures 5-7",4214.44,4563.02,4823.77,-2.56167,-1.68742,-0.402633,9.6005,9.71569,9.80933,0.538045,13.4405,97.9386,,,,
BMKA_RUBIES_UDS31747,supplementary/prism,RUBIES-UDS31747,"Sections 2.3 and 4.4, Figures 5-7",4730.61,4828.36,4963.3,-3.18,-2.66902,-1.22099,10.181,10.2313,10.2924,6.52114,158.403,516.562,,,,
BMKA_RUBIES_UDS33938,supplementary/prism,RUBIES-UDS33938,"Sections 2.3 and 4.4, Figures 5-7",3333.69,3853.74,4439.07,-2.97411,-1.92077,-0.713864,9.97108,10.3188,10.5444,0.757444,11.7775,127.608,,,,
BMKA_RUBIES_UDS36171,supplementary/prism,RUBIES-UDS36171,"Sections 2.3 and 4.4, Figures 5-7",2889.96,4856.1,6128.86,-2.8713,-1.39306,-0.090957,6.02736,8.30246,10.139,0.327322,6.36034,154.095,,,,
BMKA_RUBIES_UDS40579,supplementary/prism,RUBIES-UDS40579,"Sections 2.3 and 4.4, Figures 5-7",4374.99,4525.67,4641.17,-3.32677,-3.02062,-2.58543,11.1712,11.2111,11.2454,108.634,268.523,536.741,,,,
BMKA_RUBIES_UDS50716,supplementary/prism,RUBIES-UDS50716,"Sections 2.3 and 4.4, Figures 5-7",3126.87,4179.89,5550.62,-2.78793,-1.3145,-0.0440664,6.79649,9.76418,10.4958,0.16138,4.02776,131.238,,,,
BMKA_RUBIES_UDS53692,supplementary/prism,RUBIES-UDS53692,"Sections 2.3 and 4.4, Figures 5-7",3410.27,4926.16,6020.62,-2.8967,-1.66174,-0.307281,6.3369,9.10934,10.3447,0.607895,10.6789,291.071,,,,
BMKA_RUBIES_UDS807469,supplementary/prism,RUBIES-UDS807469,"Sections 2.3 and 4.4, Figures 5-7",4613.35,5658.27,6370.77,-2.76223,-1.30152,-0.136984,10.7054,11.271,11.5746,0.740631,12.649,273.97,,,,
BMKA_RUBIES_UDS830237,supplementary/prism,RUBIES-UDS830237,"Sections 2.3 and 4.4, Figures 5-7",3287.05,4905.68,6173.82,-2.74704,-1.47446,-0.200256,6.40205,8.7307,9.93105,0.410749,8.71541,195.363,,,,
BMKA_RUBIES_UDS848745,supplementary/prism,RUBIES-UDS848745,"Sections 2.3 and 4.4, Figures 5-7",3347.82,4012.26,4532.85,-2.77223,-1.67334,-0.525587,10.42,10.6196,10.8775,0.514587,7.69547,83.0539,,,,
BMKA_RUBIES_UDS967770,supplementary/prism,RUBIES-UDS967770,"Sections 2.3 and 4.4, Figures 5-7",2766.77,4734.26,6140.09,-2.80358,-1.49197,-0.172153,5.92796,8.33795,10.0122,0.400935,5.64989,137.223,,,,
BMKA_RUBIES_UDS970351,supplementary/prism,RUBIES-UDS970351,"Sections 2.3 and 4.4, Figures 5-7",4682.6,4814.69,4969.88,-2.20741,-0.960816,-0.117302,9.99259,10.049,10.1017,0.450979,3.23986,55.3011,,,,
BMKA_SOK_1180_13329,supplementary/prism,Sok-1180_13329,"Sections 2.3 and 4.4, Figures 5-7",4011.37,4150.23,4370.8,-1.85174,-1.25838,-0.65654,9.89148,9.93295,9.9677,0.800162,3.43983,15.675,,,,
BMKA_SOK_1181_53501,supplementary/prism,Sok-1181_53501,"Sections 2.3 and 4.4, Figures 5-7",4493.23,4581.41,4715.51,-3.33522,-3.059,-2.33933,10.0276,10.0512,10.0755,70.4758,314.71,592.554,,,,
BMKA_SOK_1181_73488,supplementary/prism,Sok-1181_73488,"Sections 2.3 and 4.4, Figures 5-7",4252.78,4325.44,4397.47,-2.79586,-2.23457,-1.50365,10.1178,10.1327,10.1595,6.94369,40.8781,138.874,,,,
BMKA_SOK_1286_159717,supplementary/prism,Sok-1286_159717,"Sections 2.3 and 4.4, Figures 5-7",3442.85,3596.49,3788.7,-2.83559,-2.48877,-2.15697,10.6473,10.6827,10.7154,14.2336,36.7392,78.5863,,,,
BMKA_SOK_1286_38562,supplementary/prism,Sok-1286_38562,"Sections 2.3 and 4.4, Figures 5-7",3775.29,3915.77,3985.71,-2.68391,-2.25542,-1.90732,10.0432,10.0608,10.0813,11.2893,27.2083,73.1798,,,,
BMKA_SOK_4106_83161,supplementary/prism,Sok-4106_83161,"Sections 2.3 and 4.4, Figures 5-7",2965.73,4484.71,5836.52,-2.83169,-1.27859,0.0223889,6.32595,9.07101,10.4132,0.161384,4.40639,171.991,,,,
BMKA_SOK_4106_85168,supplementary/prism,Sok-4106_85168,"Sections 2.3 and 4.4, Figures 5-7",2880.34,3997.73,5530.29,-2.96217,-1.78339,-0.29945,6.5995,9.61202,10.7692,0.320216,9.30328,149.827,,,,
BMKA_SOK_5224_920396,supplementary/prism,Sok-5224_920396,"Sections 2.3 and 4.4, Figures 5-7",4214.28,4509.42,4764.23,-1.47175,-0.305487,0.270121,10.3234,10.3789,10.4446,0.12005,0.500707,9.52534,,,,
BMKA_UDS182791_m3,supplementary/prism,UDS182791,"Sections 2.3 and 4.4, Figures 5-7",4061.36,4192.65,4393.68,-2.14883,-1.03947,-0.0590644,10.1413,10.2236,10.2832,0.206703,2.21152,32.3701,,,,
BMKA_UDS31092_m3,supplementary/prism,UDS31092,"Sections 2.3 and 4.4, Figures 5-7",3832.87,4160.6,4439.12,-1.98667,-1.01011,-0.300568,10.3861,10.45,10.5007,0.28681,1.86257,23.3448,,,,
BMK_45924,supplementary/prism,UNCOVER45924,"Sections 2.3 and 4.4, Figures 5-7",4999.15,5047.52,5117.59,-3.20332,-2.8711,-2.48948,11.4039,11.4363,11.4534,129.51,311.43,671.626,,,,
