run_id,family,target,paper_section,ndim,n_released,n_original,driver,spectrum_figure,path,known_issue
BMKA_A2744QSO1B,experiments/duplicate_reduction,A2744-QSO1_reduction-B,Not quoted in v2 (v1 Section 4.4),14,30390,30390,fit_breakmask_arch.py,spectrum.png,chains/experiments/duplicate_reduction/A2744-QSO1_reduction-B/chain.npy,
BMKP_UNCOVER_2c_smc_r300_ujy_xmask,experiments/dust_law_and_configuration_sweep,BMKP_UNCOVER_2c_smc_r300_ujy_xmask,Section 2.3,17,50000,65329,bmkp_fit_uncover_2c_smc_r300_ujy_xmask.py,spectrum.png,chains/experiments/dust_law_and_configuration_sweep/BMKP_UNCOVER_2c_smc_r300_ujy_xmask/chain.npy,
BMKP_UNCOVER_2c_smc_r300_ujy_xmask_photcal,experiments/dust_law_and_configuration_sweep,BMKP_UNCOVER_2c_smc_r300_ujy_xmask_photcal,Section 2.3,17,50000,50830,bmkp_fit_uncover_2c_smc_r300_ujy_xmask_photcal.py,,chains/experiments/dust_law_and_configuration_sweep/BMKP_UNCOVER_2c_smc_r300_ujy_xmask_photcal/chain.npy,
DLAW_egg_duste_sfree_zfree_calz_bmkp,experiments/dust_law_and_configuration_sweep,DLAW_egg_duste_sfree_zfree_calz_bmkp,Section 2.3,18,37216,37216,fit_egg_dustlaw.py,,chains/experiments/dust_law_and_configuration_sweep/DLAW_egg_duste_sfree_zfree_calz_bmkp/chain.npy,
DLAW_egg_duste_sfree_zfree_mw_bmkp,experiments/dust_law_and_configuration_sweep,DLAW_egg_duste_sfree_zfree_mw_bmkp,Section 2.3,18,40927,40927,fit_egg_dustlaw.py,,chains/experiments/dust_law_and_configuration_sweep/DLAW_egg_duste_sfree_zfree_mw_bmkp/chain.npy,
BMKP_egg_duste_sfree_zfree_d1cap,experiments/egg_model_finalization,BMKP_egg_duste_sfree_zfree_d1cap,Appendix C,18,48879,48879,fit_egg_bmkp_d1cap.py,,chains/experiments/egg_model_finalization/BMKP_egg_duste_sfree_zfree_d1cap/chain.npy,
BMKP_egg_duste_sfree_zfree_d1fix0,experiments/egg_model_finalization,BMKP_egg_duste_sfree_zfree_d1fix0,Appendix C,18,50000,56857,fit_egg_bmkp_d1fix0.py,,chains/experiments/egg_model_finalization/BMKP_egg_duste_sfree_zfree_d1fix0/chain.npy,
BMKP_egg_duste_sfree_zfree_d1pin,experiments/egg_model_finalization,BMKP_egg_duste_sfree_zfree_d1pin,Appendix C,18,40323,40323,fit_egg_bmkp_d1pin.py,,chains/experiments/egg_model_finalization/BMKP_egg_duste_sfree_zfree_d1pin/chain.npy,
BMKP_egg_duste_sfree_zfree_hostpin,experiments/egg_model_finalization,BMKP_egg_duste_sfree_zfree_hostpin,Appendix C,18,22706,22706,fit_egg_bmkp_hostpin.py,,chains/experiments/egg_model_finalization/BMKP_egg_duste_sfree_zfree_hostpin/chain.npy,
BMKP_egg_duste_sfree_zfree_sfhclamp,experiments/egg_model_finalization,BMKP_egg_duste_sfree_zfree_sfhclamp,Appendix C,18,50000,51647,fit_egg_bmkp_sfhclamp.py,,chains/experiments/egg_model_finalization/BMKP_egg_duste_sfree_zfree_sfhclamp/chain.npy,
BMKP_egg_duste_sfree_zfree_zsolpin,experiments/egg_model_finalization,BMKP_egg_duste_sfree_zfree_zsolpin,Appendix C,18,50000,62838,fit_egg_bmkp_zsolpin.py,,chains/experiments/egg_model_finalization/BMKP_egg_duste_sfree_zfree_zsolpin/chain.npy,
BMKA_EGS42046_m3_youngal,experiments/host_prior,BMKA_EGS42046_m3_youngal,"Section 4.4, Figures 5 and 6",14,30388,30388,_variant.py,,chains/experiments/host_prior/BMKA_EGS42046_m3_youngal/chain.npy,
BMKA_EGS49140_m3_youngal,experiments/host_prior,BMKA_EGS49140_m3_youngal,"Section 4.4, Figures 5 and 6",14,32157,32157,_variant.py,,chains/experiments/host_prior/BMKA_EGS49140_m3_youngal/chain.npy,
BMKA_EGS55604_m3_youngal,experiments/host_prior,BMKA_EGS55604_m3_youngal,"Section 4.4, Figures 5 and 6",14,32244,32244,_variant.py,,chains/experiments/host_prior/BMKA_EGS55604_m3_youngal/chain.npy,
BMKA_GN15498_fr_m3_youngal,experiments/host_prior,BMKA_GN15498_fr_m3_youngal,"Section 4.4, Figures 5 and 6",14,43656,43656,_variant.py,,chains/experiments/host_prior/BMKA_GN15498_fr_m3_youngal/chain.npy,
BMKA_GN38147_dja_m3_youngal,experiments/host_prior,BMKA_GN38147_dja_m3_youngal,"Section 4.4, Figures 5 and 6",14,30597,30597,_variant.py,,chains/experiments/host_prior/BMKA_GN38147_dja_m3_youngal/chain.npy,
BMKA_GN68797_dja_m3_youngal,experiments/host_prior,BMKA_GN68797_dja_m3_youngal,"Section 4.4, Figures 5 and 6",14,33302,33302,_variant.py,,chains/experiments/host_prior/BMKA_GN68797_dja_m3_youngal/chain.npy,
BMKA_GN9771_fr_m3_youngal,experiments/host_prior,BMKA_GN9771_fr_m3_youngal,"Section 4.4, Figures 5 and 6",14,50000,52860,_variant.py,,chains/experiments/host_prior/BMKA_GN9771_fr_m3_youngal/chain.npy,
BMKA_GS13971_fr_m3_youngal,experiments/host_prior,BMKA_GS13971_fr_m3_youngal,"Section 4.4, Figures 5 and 6",14,29223,29223,_variant.py,,chains/experiments/host_prior/BMKA_GS13971_fr_m3_youngal/chain.npy,
BMKA_UDS182791_m3_youngal,experiments/host_prior,BMKA_UDS182791_m3_youngal,"Section 4.4, Figures 5 and 6",14,29595,29595,_variant.py,,chains/experiments/host_prior/BMKA_UDS182791_m3_youngal/chain.npy,
BMKA_glimpse17775_m3_youngal,experiments/host_prior,BMKA_glimpse17775_m3_youngal,"Section 4.4, Figures 5 and 6",18,28998,28998,_variant.py,,chains/experiments/host_prior/BMKA_glimpse17775_m3_youngal/chain.npy,
BMKP_CAPERS_2c_smc_ujy_photcal4_youngal,experiments/host_prior,BMKP_CAPERS_2c_smc_ujy_photcal4_youngal,"Section 4.4, Figures 5 and 6",17,42535,42535,_variant.py,spectrum.png,chains/experiments/host_prior/BMKP_CAPERS_2c_smc_ujy_photcal4_youngal/chain.npy,
BMKP_CAPERS_2c_smc_ujy_youngal,experiments/host_prior,BMKP_CAPERS_2c_smc_ujy_youngal,"Section 4.4, Figures 5 and 6",17,40962,40962,_variant.py,,chains/experiments/host_prior/BMKP_CAPERS_2c_smc_ujy_youngal/chain.npy,
BMKP_RS_m3c_smc_youngal,experiments/host_prior,BMKP_RS_m3c_smc_youngal,"Section 4.4, Figures 5 and 6",17,50000,55120,_variant.py,,chains/experiments/host_prior/BMKP_RS_m3c_smc_youngal/chain.npy,
BMKP_UNCOVER_2c_smc_r300_ujy_photcal4_youngal,experiments/host_prior,BMKP_UNCOVER_2c_smc_r300_ujy_photcal4_youngal,"Section 4.4, Figures 5 and 6",17,46956,46956,_variant.py,spectrum.png,chains/experiments/host_prior/BMKP_UNCOVER_2c_smc_r300_ujy_photcal4_youngal/chain.npy,
BMKP_UNCOVER_2c_smc_r300_ujy_photcal_youngal,experiments/host_prior,BMKP_UNCOVER_2c_smc_r300_ujy_photcal_youngal,"Section 4.4, Figures 5 and 6",17,47931,47931,_variant.py,,chains/experiments/host_prior/BMKP_UNCOVER_2c_smc_r300_ujy_photcal_youngal/chain.npy,
BMKP_UNCOVER_2c_smc_r300_ujy_youngal,experiments/host_prior,BMKP_UNCOVER_2c_smc_r300_ujy_youngal,"Section 4.4, Figures 5 and 6",17,50000,57262,_variant.py,,chains/experiments/host_prior/BMKP_UNCOVER_2c_smc_r300_ujy_youngal/chain.npy,
BMKP_WIDE_2c_smc_ujy_youngal,experiments/host_prior,BMKP_WIDE_2c_smc_ujy_youngal,"Section 4.4, Figures 5 and 6",17,38858,38858,_variant.py,,chains/experiments/host_prior/BMKP_WIDE_2c_smc_ujy_youngal/chain.npy,
BMKP_egg_duste_sfree_zfree_youngal,experiments/host_prior,BMKP_egg_duste_sfree_zfree_youngal,"Section 4.4, Figures 5 and 6",18,35652,35652,fit_egg_bmkp_youngal.py,,chains/experiments/host_prior/BMKP_egg_duste_sfree_zfree_youngal/chain.npy,
BMKY_A2744QSO1,experiments/host_prior,BMKY_A2744QSO1,"Section 4.4, Figures 5 and 6",14,33053,33053,fit_breakmask_arch_young.py,,chains/experiments/host_prior/BMKY_A2744QSO1/chain.npy,
BMKY_A2744QSO1B,experiments/host_prior,BMKY_A2744QSO1B,"Section 4.4, Figures 5 and 6",14,30720,30720,fit_breakmask_arch_young.py,,chains/experiments/host_prior/BMKY_A2744QSO1B/chain.npy,
BMKY_CEERS6126,experiments/host_prior,BMKY_CEERS6126,"Section 4.4, Figures 5 and 6",14,23788,23788,fit_breakmask_arch_young.py,,chains/experiments/host_prior/BMKY_CEERS6126/chain.npy,
BMKY_MoMBH1,experiments/host_prior,BMKY_MoMBH1,"Section 4.4, Figures 5 and 6",14,29445,29445,fit_breakmask_arch_young.py,,chains/experiments/host_prior/BMKY_MoMBH1/chain.npy,
BMKY_RUBIES_EGS28812,experiments/host_prior,BMKY_RUBIES_EGS28812,"Section 4.4, Figures 5 and 6",14,26631,26631,fit_breakmask_arch_young.py,,chains/experiments/host_prior/BMKY_RUBIES_EGS28812/chain.npy,
BMKY_RUBIES_EGS29489,experiments/host_prior,BMKY_RUBIES_EGS29489,"Section 4.4, Figures 5 and 6",14,33192,33192,fit_breakmask_arch_young.py,,chains/experiments/host_prior/BMKY_RUBIES_EGS29489/chain.npy,
BMKY_RUBIES_EGS37124,experiments/host_prior,BMKY_RUBIES_EGS37124,"Section 4.4, Figures 5 and 6",14,22295,22295,fit_breakmask_arch_young.py,,chains/experiments/host_prior/BMKY_RUBIES_EGS37124/chain.npy,
BMKY_RUBIES_EGS42232,experiments/host_prior,BMKY_RUBIES_EGS42232,"Section 4.4, Figures 5 and 6",14,32575,32575,fit_breakmask_arch_young.py,,chains/experiments/host_prior/BMKY_RUBIES_EGS42232/chain.npy,
BMKY_RUBIES_EGS42803,experiments/host_prior,BMKY_RUBIES_EGS42803,"Section 4.4, Figures 5 and 6",14,27730,27730,fit_breakmask_arch_young.py,,chains/experiments/host_prior/BMKY_RUBIES_EGS42803/chain.npy,
BMKY_RUBIES_EGS53254,experiments/host_prior,BMKY_RUBIES_EGS53254,"Section 4.4, Figures 5 and 6",14,18365,18365,fit_breakmask_arch_young.py,,chains/experiments/host_prior/BMKY_RUBIES_EGS53254/chain.npy,
BMKY_RUBIES_EGS61496,experiments/host_prior,BMKY_RUBIES_EGS61496,"Section 4.4, Figures 5 and 6",14,26166,26166,fit_breakmask_arch_young.py,,chains/experiments/host_prior/BMKY_RUBIES_EGS61496/chain.npy,
BMKY_RUBIES_EGS926125,experiments/host_prior,BMKY_RUBIES_EGS926125,"Section 4.4, Figures 5 and 6",14,27230,27230,fit_breakmask_arch_young.py,,chains/experiments/host_prior/BMKY_RUBIES_EGS926125/chain.npy,
BMKY_RUBIES_EGS927271,experiments/host_prior,BMKY_RUBIES_EGS927271,"Section 4.4, Figures 5 and 6",14,23300,23300,fit_breakmask_arch_young.py,,chains/experiments/host_prior/BMKY_RUBIES_EGS927271/chain.npy,
BMKY_RUBIES_EGS948917,experiments/host_prior,BMKY_RUBIES_EGS948917,"Section 4.4, Figures 5 and 6",14,30196,30196,fit_breakmask_arch_young.py,,chains/experiments/host_prior/BMKY_RUBIES_EGS948917/chain.npy,
BMKY_RUBIES_EGS952625,experiments/host_prior,BMKY_RUBIES_EGS952625,"Section 4.4, Figures 5 and 6",14,19631,19631,fit_breakmask_arch_young.py,,chains/experiments/host_prior/BMKY_RUBIES_EGS952625/chain.npy,
BMKY_RUBIES_EGS966323,experiments/host_prior,BMKY_RUBIES_EGS966323,"Section 4.4, Figures 5 and 6",14,25231,25231,fit_breakmask_arch_young.py,,chains/experiments/host_prior/BMKY_RUBIES_EGS966323/chain.npy,
BMKY_RUBIES_UDS119957,experiments/host_prior,BMKY_RUBIES_UDS119957,"Section 4.4, Figures 5 and 6",14,28831,28831,fit_breakmask_arch_young.py,,chains/experiments/host_prior/BMKY_RUBIES_UDS119957/chain.npy,
BMKY_RUBIES_UDS144195,experiments/host_prior,BMKY_RUBIES_UDS144195,"Section 4.4, Figures 5 and 6",14,31767,31767,fit_breakmask_arch_young.py,,chains/experiments/host_prior/BMKY_RUBIES_UDS144195/chain.npy,
BMKY_RUBIES_UDS149298,experiments/host_prior,BMKY_RUBIES_UDS149298,"Section 4.4, Figures 5 and 6",14,31339,31339,fit_breakmask_arch_young.py,,chains/experiments/host_prior/BMKY_RUBIES_UDS149298/chain.npy,
BMKY_RUBIES_UDS167741,experiments/host_prior,BMKY_RUBIES_UDS167741,"Section 4.4, Figures 5 and 6",14,26913,26913,fit_breakmask_arch_young.py,,chains/experiments/host_prior/BMKY_RUBIES_UDS167741/chain.npy,
BMKY_RUBIES_UDS172350,experiments/host_prior,BMKY_RUBIES_UDS172350,"Section 4.4, Figures 5 and 6",14,23592,23592,fit_breakmask_arch_young.py,,chains/experiments/host_prior/BMKY_RUBIES_UDS172350/chain.npy,
BMKY_RUBIES_UDS23438,experiments/host_prior,BMKY_RUBIES_UDS23438,"Section 4.4, Figures 5 and 6",14,29899,29899,fit_breakmask_arch_young.py,,chains/experiments/host_prior/BMKY_RUBIES_UDS23438/chain.npy,
BMKY_RUBIES_UDS29813,experiments/host_prior,BMKY_RUBIES_UDS29813,"Section 4.4, Figures 5 and 6",14,24686,24686,fit_breakmask_arch_young.py,,chains/experiments/host_prior/BMKY_RUBIES_UDS29813/chain.npy,
BMKY_RUBIES_UDS31747,experiments/host_prior,BMKY_RUBIES_UDS31747,"Section 4.4, Figures 5 and 6",14,30381,30381,fit_breakmask_arch_young.py,,chains/experiments/host_prior/BMKY_RUBIES_UDS31747/chain.npy,
BMKY_RUBIES_UDS33938,experiments/host_prior,BMKY_RUBIES_UDS33938,"Section 4.4, Figures 5 and 6",14,21346,21346,fit_breakmask_arch_young.py,,chains/experiments/host_prior/BMKY_RUBIES_UDS33938/chain.npy,
BMKY_RUBIES_UDS36171,experiments/host_prior,BMKY_RUBIES_UDS36171,"Section 4.4, Figures 5 and 6",14,20515,20515,fit_breakmask_arch_young.py,,chains/experiments/host_prior/BMKY_RUBIES_UDS36171/chain.npy,
BMKY_RUBIES_UDS40579,experiments/host_prior,BMKY_RUBIES_UDS40579,"Section 4.4, Figures 5 and 6",14,34471,34471,fit_breakmask_arch_young.py,,chains/experiments/host_prior/BMKY_RUBIES_UDS40579/chain.npy,
BMKY_RUBIES_UDS50716,experiments/host_prior,BMKY_RUBIES_UDS50716,"Section 4.4, Figures 5 and 6",14,20975,20975,fit_breakmask_arch_young.py,,chains/experiments/host_prior/BMKY_RUBIES_UDS50716/chain.npy,
BMKY_RUBIES_UDS53692,experiments/host_prior,BMKY_RUBIES_UDS53692,"Section 4.4, Figures 5 and 6",14,21321,21321,fit_breakmask_arch_young.py,,chains/experiments/host_prior/BMKY_RUBIES_UDS53692/chain.npy,
BMKY_RUBIES_UDS807469,experiments/host_prior,BMKY_RUBIES_UDS807469,"Section 4.4, Figures 5 and 6",14,19887,19887,fit_breakmask_arch_young.py,,chains/experiments/host_prior/BMKY_RUBIES_UDS807469/chain.npy,
BMKY_RUBIES_UDS830237,experiments/host_prior,BMKY_RUBIES_UDS830237,"Section 4.4, Figures 5 and 6",14,19321,19321,fit_breakmask_arch_young.py,,chains/experiments/host_prior/BMKY_RUBIES_UDS830237/chain.npy,
BMKY_RUBIES_UDS848745,experiments/host_prior,BMKY_RUBIES_UDS848745,"Section 4.4, Figures 5 and 6",14,23295,23295,fit_breakmask_arch_young.py,,chains/experiments/host_prior/BMKY_RUBIES_UDS848745/chain.npy,
BMKY_RUBIES_UDS967770,experiments/host_prior,BMKY_RUBIES_UDS967770,"Section 4.4, Figures 5 and 6",14,20023,20023,fit_breakmask_arch_young.py,,chains/experiments/host_prior/BMKY_RUBIES_UDS967770/chain.npy,
BMKY_RUBIES_UDS970351,experiments/host_prior,BMKY_RUBIES_UDS970351,"Section 4.4, Figures 5 and 6",14,25771,25771,fit_breakmask_arch_young.py,,chains/experiments/host_prior/BMKY_RUBIES_UDS970351/chain.npy,
BMKY_SOK_1180_13329,experiments/host_prior,BMKY_SOK_1180_13329,"Section 4.4, Figures 5 and 6",14,30798,30798,fit_breakmask_arch_young.py,,chains/experiments/host_prior/BMKY_SOK_1180_13329/chain.npy,
BMKY_SOK_1181_53501,experiments/host_prior,BMKY_SOK_1181_53501,"Section 4.4, Figures 5 and 6",14,33930,33930,fit_breakmask_arch_young.py,,chains/experiments/host_prior/BMKY_SOK_1181_53501/chain.npy,
BMKY_SOK_1181_73488,experiments/host_prior,BMKY_SOK_1181_73488,"Section 4.4, Figures 5 and 6",14,36027,36027,fit_breakmask_arch_young.py,,chains/experiments/host_prior/BMKY_SOK_1181_73488/chain.npy,
BMKY_SOK_1286_159717,experiments/host_prior,BMKY_SOK_1286_159717,"Section 4.4, Figures 5 and 6",14,33598,33598,fit_breakmask_arch_young.py,,chains/experiments/host_prior/BMKY_SOK_1286_159717/chain.npy,
BMKY_SOK_1286_38562,experiments/host_prior,BMKY_SOK_1286_38562,"Section 4.4, Figures 5 and 6",14,34233,34233,fit_breakmask_arch_young.py,,chains/experiments/host_prior/BMKY_SOK_1286_38562/chain.npy,
BMKY_SOK_4106_83161,experiments/host_prior,BMKY_SOK_4106_83161,"Section 4.4, Figures 5 and 6",14,20723,20723,fit_breakmask_arch_young.py,,chains/experiments/host_prior/BMKY_SOK_4106_83161/chain.npy,
BMKY_SOK_4106_85168,experiments/host_prior,BMKY_SOK_4106_85168,"Section 4.4, Figures 5 and 6",14,17437,17437,fit_breakmask_arch_young.py,,chains/experiments/host_prior/BMKY_SOK_4106_85168/chain.npy,
BMKY_SOK_5224_920396,experiments/host_prior,BMKY_SOK_5224_920396,"Section 4.4, Figures 5 and 6",14,29126,29126,fit_breakmask_arch_young.py,,chains/experiments/host_prior/BMKY_SOK_5224_920396/chain.npy,
BMKY_UDS31092,experiments/host_prior,BMKY_UDS31092,"Section 4.4, Figures 5 and 6",14,30106,30106,fit_breakmask_arch_young.py,,chains/experiments/host_prior/BMKY_UDS31092/chain.npy,
lrds2MY_J000927,experiments/host_prior,lrds2MY_J000927,"Section 4.4, Figures 5 and 6",18,18876,18876,fit_desi_lrds2_youngal_bmk.py,,chains/experiments/host_prior/lrds2MY_J000927/chain.npy,
lrds2MY_J012930,experiments/host_prior,lrds2MY_J012930,"Section 4.4, Figures 5 and 6",18,19872,19872,fit_desi_lrds2_youngal_bmk.py,,chains/experiments/host_prior/lrds2MY_J012930/chain.npy,
lrds2MY_J024337,experiments/host_prior,lrds2MY_J024337,"Section 4.4, Figures 5 and 6",18,18380,18380,fit_desi_lrds2_youngal_bmk.py,,chains/experiments/host_prior/lrds2MY_J024337/chain.npy,
lrds2MY_J071635,experiments/host_prior,lrds2MY_J071635,"Section 4.4, Figures 5 and 6",18,21695,21695,fit_desi_lrds2_youngal_bmk.py,,chains/experiments/host_prior/lrds2MY_J071635/chain.npy,
lrds2MY_J082606,experiments/host_prior,lrds2MY_J082606,"Section 4.4, Figures 5 and 6",18,17595,17595,fit_desi_lrds2_youngal_bmk.py,,chains/experiments/host_prior/lrds2MY_J082606/chain.npy,
lrds2MY_J082921,experiments/host_prior,lrds2MY_J082921,"Section 4.4, Figures 5 and 6",18,21631,21631,fit_desi_lrds2_youngal_bmk.py,,chains/experiments/host_prior/lrds2MY_J082921/chain.npy,
lrds2MY_J094411,experiments/host_prior,lrds2MY_J094411,"Section 4.4, Figures 5 and 6",18,21358,21358,fit_desi_lrds2_youngal_bmk.py,,chains/experiments/host_prior/lrds2MY_J094411/chain.npy,
lrds2MY_J101742,experiments/host_prior,lrds2MY_J101742,"Section 4.4, Figures 5 and 6",18,20359,20359,fit_desi_lrds2_youngal_bmk.py,,chains/experiments/host_prior/lrds2MY_J101742/chain.npy,
lrds2MY_J102553,experiments/host_prior,lrds2MY_J102553,"Section 4.4, Figures 5 and 6",18,22202,22202,fit_desi_lrds2_youngal_bmk.py,,chains/experiments/host_prior/lrds2MY_J102553/chain.npy,
lrds2MY_J104242,experiments/host_prior,lrds2MY_J104242,"Section 4.4, Figures 5 and 6",18,20148,20148,fit_desi_lrds2_youngal_bmk.py,,chains/experiments/host_prior/lrds2MY_J104242/chain.npy,
lrds2MY_J105620,experiments/host_prior,lrds2MY_J105620,"Section 4.4, Figures 5 and 6",18,18063,18063,fit_desi_lrds2_youngal_bmk.py,,chains/experiments/host_prior/lrds2MY_J105620/chain.npy,
lrds2MY_J105900,experiments/host_prior,lrds2MY_J105900,"Section 4.4, Figures 5 and 6",18,13678,13678,fit_desi_lrds2_youngal_bmk.py,,chains/experiments/host_prior/lrds2MY_J105900/chain.npy,
lrds2MY_J111943,experiments/host_prior,lrds2MY_J111943,"Section 4.4, Figures 5 and 6",18,18129,18129,fit_desi_lrds2_youngal_bmk.py,,chains/experiments/host_prior/lrds2MY_J111943/chain.npy,
lrds2MY_J113734,experiments/host_prior,lrds2MY_J113734,"Section 4.4, Figures 5 and 6",18,14161,14161,fit_desi_lrds2_youngal_bmk.py,,chains/experiments/host_prior/lrds2MY_J113734/chain.npy,
lrds2MY_J132137,experiments/host_prior,lrds2MY_J132137,"Section 4.4, Figures 5 and 6",18,21943,21943,fit_desi_lrds2_youngal_bmk.py,,chains/experiments/host_prior/lrds2MY_J132137/chain.npy,
lrds2MY_J134317,experiments/host_prior,lrds2MY_J134317,"Section 4.4, Figures 5 and 6",18,15633,15633,fit_desi_lrds2_youngal_bmk.py,,chains/experiments/host_prior/lrds2MY_J134317/chain.npy,
lrds2MY_J142337,experiments/host_prior,lrds2MY_J142337,"Section 4.4, Figures 5 and 6",18,18262,18262,fit_desi_lrds2_youngal_bmk.py,,chains/experiments/host_prior/lrds2MY_J142337/chain.npy,
lrds2MY_J150252,experiments/host_prior,lrds2MY_J150252,"Section 4.4, Figures 5 and 6",18,24885,24885,fit_desi_lrds2_youngal_bmk.py,,chains/experiments/host_prior/lrds2MY_J150252/chain.npy,
lrds2MY_J161102,experiments/host_prior,lrds2MY_J161102,"Section 4.4, Figures 5 and 6",18,17121,17121,fit_desi_lrds2_youngal_bmk.py,,chains/experiments/host_prior/lrds2MY_J161102/chain.npy,
lrds2MY_J162032,experiments/host_prior,lrds2MY_J162032,"Section 4.4, Figures 5 and 6",18,15394,15394,fit_desi_lrds2_youngal_bmk.py,,chains/experiments/host_prior/lrds2MY_J162032/chain.npy,
lrds2MY_J164102,experiments/host_prior,lrds2MY_J164102,"Section 4.4, Figures 5 and 6",18,15364,15364,fit_desi_lrds2_youngal_bmk.py,,chains/experiments/host_prior/lrds2MY_J164102/chain.npy,
lrds2MY_J164226,experiments/host_prior,lrds2MY_J164226,"Section 4.4, Figures 5 and 6",18,23547,23547,fit_desi_lrds2_youngal_bmk.py,,chains/experiments/host_prior/lrds2MY_J164226/chain.npy,
lrds2MY_J164637,experiments/host_prior,lrds2MY_J164637,"Section 4.4, Figures 5 and 6",18,22164,22164,fit_desi_lrds2_youngal_bmk.py,,chains/experiments/host_prior/lrds2MY_J164637/chain.npy,
lrds2MY_J165450,experiments/host_prior,lrds2MY_J165450,"Section 4.4, Figures 5 and 6",18,20605,20605,fit_desi_lrds2_youngal_bmk.py,,chains/experiments/host_prior/lrds2MY_J165450/chain.npy,
lrds2MY_J171741,experiments/host_prior,lrds2MY_J171741,"Section 4.4, Figures 5 and 6",18,26106,26106,fit_desi_lrds2_youngal_bmk.py,,chains/experiments/host_prior/lrds2MY_J171741/chain.npy,
lrds2MY_J190954,experiments/host_prior,lrds2MY_J190954,"Section 4.4, Figures 5 and 6",18,19149,19149,fit_desi_lrds2_youngal_bmk.py,,chains/experiments/host_prior/lrds2MY_J190954/chain.npy,
lrds2MY_J212725,experiments/host_prior,lrds2MY_J212725,"Section 4.4, Figures 5 and 6",18,18388,18388,fit_desi_lrds2_youngal_bmk.py,,chains/experiments/host_prior/lrds2MY_J212725/chain.npy,
lrds2MY_J225535,experiments/host_prior,lrds2MY_J225535,"Section 4.4, Figures 5 and 6",18,15580,15580,fit_desi_lrds2_youngal_bmk.py,,chains/experiments/host_prior/lrds2MY_J225535/chain.npy,
lrds2M_MOCK_R5D_bright_sub,experiments/injection_recovery/desi,lrds2M_MOCK_R5D_bright_sub,Not quoted in v2 (v1 Section 4.4),18,20028,20028,fit_desi_lrds2_breakmask.py,,chains/experiments/injection_recovery/desi/lrds2M_MOCK_R5D_bright_sub/chain.npy,
lrds2M_MOCK_R5D_bright_super,experiments/injection_recovery/desi,lrds2M_MOCK_R5D_bright_super,Not quoted in v2 (v1 Section 4.4),18,22545,22545,fit_desi_lrds2_breakmask.py,,chains/experiments/injection_recovery/desi/lrds2M_MOCK_R5D_bright_super/chain.npy,
lrds2M_MOCK_R5D_faint_sub,experiments/injection_recovery/desi,lrds2M_MOCK_R5D_faint_sub,Not quoted in v2 (v1 Section 4.4),18,14426,14426,fit_desi_lrds2_breakmask.py,,chains/experiments/injection_recovery/desi/lrds2M_MOCK_R5D_faint_sub/chain.npy,
lrds2M_MOCK_R5D_faint_super,experiments/injection_recovery/desi,lrds2M_MOCK_R5D_faint_super,Not quoted in v2 (v1 Section 4.4),18,12786,12786,fit_desi_lrds2_breakmask.py,,chains/experiments/injection_recovery/desi/lrds2M_MOCK_R5D_faint_super/chain.npy,
BMKP_egg_duste_sfree_zfree_injrec,experiments/injection_recovery/egg,BMKP_egg_duste_sfree_zfree_injrec,Not quoted in v2 (v1 Appendix C),18,33563,33563,fit_egg_bmkp_injrec.py,,chains/experiments/injection_recovery/egg/BMKP_egg_duste_sfree_zfree_injrec/chain.npy,
BMKP_egg_duste_sfree_zfree_injrec_truth,experiments/injection_recovery/egg,BMKP_egg_duste_sfree_zfree_injrec_truth,Not quoted in v2 (v1 Appendix C),18,1,1,fit_egg_bmkp_injrec.py,,chains/experiments/injection_recovery/egg/BMKP_egg_duste_sfree_zfree_injrec_truth/chain.npy,
BMKA_MOCK_R5_bright_sub_m3,experiments/injection_recovery/prism,BMKA_MOCK_R5_bright_sub_m3,Not quoted in v2 (v1 Section 4.4),14,28022,28022,bmka_fit_MOCK_R5_bright_sub.py,,chains/experiments/injection_recovery/prism/BMKA_MOCK_R5_bright_sub_m3/chain.npy,
BMKA_MOCK_R5_bright_super_m3,experiments/injection_recovery/prism,BMKA_MOCK_R5_bright_super_m3,Not quoted in v2 (v1 Section 4.4),14,28448,28448,bmka_fit_MOCK_R5_bright_super.py,,chains/experiments/injection_recovery/prism/BMKA_MOCK_R5_bright_super_m3/chain.npy,
BMKA_MOCK_R5_faint_sub_m3,experiments/injection_recovery/prism,BMKA_MOCK_R5_faint_sub_m3,Not quoted in v2 (v1 Section 4.4),14,17307,17307,bmka_fit_MOCK_R5_faint_sub.py,,chains/experiments/injection_recovery/prism/BMKA_MOCK_R5_faint_sub_m3/chain.npy,
BMKA_MOCK_R5_faint_super_m3,experiments/injection_recovery/prism,BMKA_MOCK_R5_faint_super_m3,Not quoted in v2 (v1 Section 4.4),14,17142,17142,bmka_fit_MOCK_R5_faint_super.py,,chains/experiments/injection_recovery/prism/BMKA_MOCK_R5_faint_super_m3/chain.npy,
BMKA_MOCK_cliff_m3,experiments/injection_recovery/prism,BMKA_MOCK_cliff_m3,Not quoted in v2 (v1 Section 4.4),14,31259,31259,bmka_fit_mock_cliff.py,,chains/experiments/injection_recovery/prism/BMKA_MOCK_cliff_m3/chain.npy,
BMKP_CAPERS_2c_smc_ujy,experiments/photometric_anchoring,BMKP_CAPERS_2c_smc_ujy,Section 2.1,17,42351,42351,bmkp_fit_capers_2c_smc_ujy.py,spectrum.png,chains/experiments/photometric_anchoring/BMKP_CAPERS_2c_smc_ujy/chain.npy,
BMKP_CAPERS_2c_smc_ujy_photcal,experiments/photometric_anchoring,BMKP_CAPERS_2c_smc_ujy_photcal,Section 2.1,17,47215,47215,bmkp_fit_capers_2c_smc_ujy_photcal.py,spectrum.png,chains/experiments/photometric_anchoring/BMKP_CAPERS_2c_smc_ujy_photcal/chain.npy,
BMKP_CAPERS_2c_smc_ujy_photcal2,experiments/photometric_anchoring,BMKP_CAPERS_2c_smc_ujy_photcal2,Section 2.1,17,44520,44520,bmkp_fit_capers_2c_smc_ujy_photcal2.py,spectrum.png,chains/experiments/photometric_anchoring/BMKP_CAPERS_2c_smc_ujy_photcal2/chain.npy,
BMKP_CAPERS_2c_smc_ujy_photcal3,experiments/photometric_anchoring,BMKP_CAPERS_2c_smc_ujy_photcal3,Section 2.1,17,46461,46461,bmkp_fit_capers_2c_smc_ujy_photcal3.py,spectrum.png,chains/experiments/photometric_anchoring/BMKP_CAPERS_2c_smc_ujy_photcal3/chain.npy,
BMKP_UNCOVER_2c_smc_r300_ujy,experiments/photometric_anchoring,BMKP_UNCOVER_2c_smc_r300_ujy,Section 2.1,17,50000,67175,bmkp_fit_uncover_2c_smc_r300_ujy.py,spectrum.png,chains/experiments/photometric_anchoring/BMKP_UNCOVER_2c_smc_r300_ujy/chain.npy,
BMKP_UNCOVER_2c_smc_r300_ujy_photcal3,experiments/photometric_anchoring,BMKP_UNCOVER_2c_smc_r300_ujy_photcal3,Section 2.1,17,42217,42217,bmkp_fit_uncover_2c_smc_r300_ujy_photcal3.py,spectrum.png,chains/experiments/photometric_anchoring/BMKP_UNCOVER_2c_smc_r300_ujy_photcal3/chain.npy,
BMKP_UNCOVER_2c_smc_r300_ujy_photcal4,experiments/photometric_anchoring,BMKP_UNCOVER_2c_smc_r300_ujy_photcal4,Section 2.1,17,48124,48124,bmkp_fit_uncover_2c_smc_r300_ujy_photcal4.py,spectrum.png,chains/experiments/photometric_anchoring/BMKP_UNCOVER_2c_smc_r300_ujy_photcal4/chain.npy,
BMKC_CLIFF_m3_pilot_2c,experiments/two_component_test,BMKC_CLIFF_m3_pilot_2c,Not quoted in v2 (v1 Section 4.4),17,33175,33175,bmkc_fit2c_cliff_m3.py,,chains/experiments/two_component_test/BMKC_CLIFF_m3_pilot_2c/chain.npy,
BMKC_EGS42046_m3_2c,experiments/two_component_test,BMKC_EGS42046_m3_2c,Not quoted in v2 (v1 Section 4.4),17,31482,31482,bmkc_fit2c_EGS42046_m3.py,,chains/experiments/two_component_test/BMKC_EGS42046_m3_2c/chain.npy,
BMKC_EGS49140_m3_2c,experiments/two_component_test,BMKC_EGS49140_m3_2c,Not quoted in v2 (v1 Section 4.4),17,32531,32531,bmkc_fit2c_EGS49140_m3.py,,chains/experiments/two_component_test/BMKC_EGS49140_m3_2c/chain.npy,
BMKC_EGS55604_m3_2c,experiments/two_component_test,BMKC_EGS55604_m3_2c,Not quoted in v2 (v1 Section 4.4),17,32688,32688,bmkc_fit2c_EGS55604_m3.py,,chains/experiments/two_component_test/BMKC_EGS55604_m3_2c/chain.npy,
BMKC_GN38147_dja_m3_2c,experiments/two_component_test,BMKC_GN38147_dja_m3_2c,Not quoted in v2 (v1 Section 4.4),17,33810,33810,bmkc_fit2c_GN38147_dja.py,,chains/experiments/two_component_test/BMKC_GN38147_dja_m3_2c/chain.npy,
BMKC_GN68797_dja_m3_2c,experiments/two_component_test,BMKC_GN68797_dja_m3_2c,Not quoted in v2 (v1 Section 4.4),17,35930,35930,bmkc_fit2c_GN68797_dja.py,,chains/experiments/two_component_test/BMKC_GN68797_dja_m3_2c/chain.npy,
BMKC_RUBIES_EGS28812_m3_2c,experiments/two_component_test,BMKC_RUBIES_EGS28812_m3_2c,Not quoted in v2 (v1 Section 4.4),17,29272,29272,bmkc_fit2c_RUBIES_EGS28812.py,,chains/experiments/two_component_test/BMKC_RUBIES_EGS28812_m3_2c/chain.npy,
BMKC_RUBIES_EGS29489_m3_2c,experiments/two_component_test,BMKC_RUBIES_EGS29489_m3_2c,Not quoted in v2 (v1 Section 4.4),17,39057,39057,bmkc_fit2c_RUBIES_EGS29489.py,,chains/experiments/two_component_test/BMKC_RUBIES_EGS29489_m3_2c/chain.npy,
BMKC_RUBIES_EGS37124_m3_2c,experiments/two_component_test,BMKC_RUBIES_EGS37124_m3_2c,Not quoted in v2 (v1 Section 4.4),17,22221,22221,bmkc_fit2c_RUBIES_EGS37124.py,,chains/experiments/two_component_test/BMKC_RUBIES_EGS37124_m3_2c/chain.npy,
BMKC_RUBIES_EGS42232_m3_2c,experiments/two_component_test,BMKC_RUBIES_EGS42232_m3_2c,Not quoted in v2 (v1 Section 4.4),17,35014,35014,bmkc_fit2c_RUBIES_EGS42232.py,,chains/experiments/two_component_test/BMKC_RUBIES_EGS42232_m3_2c/chain.npy,
BMKC_RUBIES_EGS42803_m3_2c,experiments/two_component_test,BMKC_RUBIES_EGS42803_m3_2c,Not quoted in v2 (v1 Section 4.4),17,28408,28408,bmkc_fit2c_RUBIES_EGS42803.py,,chains/experiments/two_component_test/BMKC_RUBIES_EGS42803_m3_2c/chain.npy,
BMKC_RUBIES_EGS53254_m3_2c,experiments/two_component_test,BMKC_RUBIES_EGS53254_m3_2c,Not quoted in v2 (v1 Section 4.4),17,18400,18400,bmkc_fit2c_RUBIES_EGS53254.py,,chains/experiments/two_component_test/BMKC_RUBIES_EGS53254_m3_2c/chain.npy,
BMKC_RUBIES_EGS61496_m3_2c,experiments/two_component_test,BMKC_RUBIES_EGS61496_m3_2c,Not quoted in v2 (v1 Section 4.4),17,26997,26997,bmkc_fit2c_RUBIES_EGS61496.py,,chains/experiments/two_component_test/BMKC_RUBIES_EGS61496_m3_2c/chain.npy,
BMKC_RUBIES_EGS926125_m3_2c,experiments/two_component_test,BMKC_RUBIES_EGS926125_m3_2c,Not quoted in v2 (v1 Section 4.4),17,29170,29170,bmkc_fit2c_RUBIES_EGS926125.py,,chains/experiments/two_component_test/BMKC_RUBIES_EGS926125_m3_2c/chain.npy,
BMKC_RUBIES_EGS927271_m3_2c,experiments/two_component_test,BMKC_RUBIES_EGS927271_m3_2c,Not quoted in v2 (v1 Section 4.4),17,24438,24438,bmkc_fit2c_RUBIES_EGS927271.py,,chains/experiments/two_component_test/BMKC_RUBIES_EGS927271_m3_2c/chain.npy,
BMKC_RUBIES_EGS948917_m3_2c,experiments/two_component_test,BMKC_RUBIES_EGS948917_m3_2c,Not quoted in v2 (v1 Section 4.4),17,33083,33083,bmkc_fit2c_RUBIES_EGS948917.py,,chains/experiments/two_component_test/BMKC_RUBIES_EGS948917_m3_2c/chain.npy,
BMKC_RUBIES_EGS952625_m3_2c,experiments/two_component_test,BMKC_RUBIES_EGS952625_m3_2c,Not quoted in v2 (v1 Section 4.4),17,19791,19791,bmkc_fit2c_RUBIES_EGS952625.py,,chains/experiments/two_component_test/BMKC_RUBIES_EGS952625_m3_2c/chain.npy,
BMKC_RUBIES_EGS966323_m3_2c,experiments/two_component_test,BMKC_RUBIES_EGS966323_m3_2c,Not quoted in v2 (v1 Section 4.4),17,26616,26616,bmkc_fit2c_RUBIES_EGS966323.py,,chains/experiments/two_component_test/BMKC_RUBIES_EGS966323_m3_2c/chain.npy,
BMKC_RUBIES_UDS119957_m3_2c,experiments/two_component_test,BMKC_RUBIES_UDS119957_m3_2c,Not quoted in v2 (v1 Section 4.4),17,28850,28850,bmkc_fit2c_RUBIES_UDS119957.py,,chains/experiments/two_component_test/BMKC_RUBIES_UDS119957_m3_2c/chain.npy,
BMKC_RUBIES_UDS144195_m3_2c,experiments/two_component_test,BMKC_RUBIES_UDS144195_m3_2c,Not quoted in v2 (v1 Section 4.4),17,33336,33336,bmkc_fit2c_RUBIES_UDS144195.py,,chains/experiments/two_component_test/BMKC_RUBIES_UDS144195_m3_2c/chain.npy,
BMKC_RUBIES_UDS149298_m3_2c,experiments/two_component_test,BMKC_RUBIES_UDS149298_m3_2c,Not quoted in v2 (v1 Section 4.4),17,31104,31104,bmkc_fit2c_RUBIES_UDS149298.py,,chains/experiments/two_component_test/BMKC_RUBIES_UDS149298_m3_2c/chain.npy,
BMKC_RUBIES_UDS167741_m3_2c,experiments/two_component_test,BMKC_RUBIES_UDS167741_m3_2c,Not quoted in v2 (v1 Section 4.4),17,28472,28472,bmkc_fit2c_RUBIES_UDS167741.py,,chains/experiments/two_component_test/BMKC_RUBIES_UDS167741_m3_2c/chain.npy,
BMKC_RUBIES_UDS172350_m3_2c,experiments/two_component_test,BMKC_RUBIES_UDS172350_m3_2c,Not quoted in v2 (v1 Section 4.4),17,26488,26488,bmkc_fit2c_RUBIES_UDS172350.py,,chains/experiments/two_component_test/BMKC_RUBIES_UDS172350_m3_2c/chain.npy,
BMKC_RUBIES_UDS23438_m3_2c,experiments/two_component_test,BMKC_RUBIES_UDS23438_m3_2c,Not quoted in v2 (v1 Section 4.4),17,32682,32682,bmkc_fit2c_RUBIES_UDS23438.py,,chains/experiments/two_component_test/BMKC_RUBIES_UDS23438_m3_2c/chain.npy,
BMKC_RUBIES_UDS29813_m3_2c,experiments/two_component_test,BMKC_RUBIES_UDS29813_m3_2c,Not quoted in v2 (v1 Section 4.4),17,24836,24836,bmkc_fit2c_RUBIES_UDS29813.py,,chains/experiments/two_component_test/BMKC_RUBIES_UDS29813_m3_2c/chain.npy,
BMKC_RUBIES_UDS31747_m3_2c,experiments/two_component_test,BMKC_RUBIES_UDS31747_m3_2c,Not quoted in v2 (v1 Section 4.4),17,29293,29293,bmkc_fit2c_RUBIES_UDS31747.py,,chains/experiments/two_component_test/BMKC_RUBIES_UDS31747_m3_2c/chain.npy,
BMKC_RUBIES_UDS33938_m3_2c,experiments/two_component_test,BMKC_RUBIES_UDS33938_m3_2c,Not quoted in v2 (v1 Section 4.4),17,20994,20994,bmkc_fit2c_RUBIES_UDS33938.py,,chains/experiments/two_component_test/BMKC_RUBIES_UDS33938_m3_2c/chain.npy,
BMKC_RUBIES_UDS36171_m3_2c,experiments/two_component_test,BMKC_RUBIES_UDS36171_m3_2c,Not quoted in v2 (v1 Section 4.4),17,20775,20775,bmkc_fit2c_RUBIES_UDS36171.py,,chains/experiments/two_component_test/BMKC_RUBIES_UDS36171_m3_2c/chain.npy,
BMKC_RUBIES_UDS40579_m3_2c,experiments/two_component_test,BMKC_RUBIES_UDS40579_m3_2c,Not quoted in v2 (v1 Section 4.4),17,34252,34252,bmkc_fit2c_RUBIES_UDS40579.py,,chains/experiments/two_component_test/BMKC_RUBIES_UDS40579_m3_2c/chain.npy,
BMKC_RUBIES_UDS50716_m3_2c,experiments/two_component_test,BMKC_RUBIES_UDS50716_m3_2c,Not quoted in v2 (v1 Section 4.4),17,21426,21426,bmkc_fit2c_RUBIES_UDS50716.py,,chains/experiments/two_component_test/BMKC_RUBIES_UDS50716_m3_2c/chain.npy,
BMKC_RUBIES_UDS53692_m3_2c,experiments/two_component_test,BMKC_RUBIES_UDS53692_m3_2c,Not quoted in v2 (v1 Section 4.4),17,21615,21615,bmkc_fit2c_RUBIES_UDS53692.py,,chains/experiments/two_component_test/BMKC_RUBIES_UDS53692_m3_2c/chain.npy,
BMKC_RUBIES_UDS807469_m3_2c,experiments/two_component_test,BMKC_RUBIES_UDS807469_m3_2c,Not quoted in v2 (v1 Section 4.4),17,19322,19322,bmkc_fit2c_RUBIES_UDS807469.py,,chains/experiments/two_component_test/BMKC_RUBIES_UDS807469_m3_2c/chain.npy,
BMKC_RUBIES_UDS830237_m3_2c,experiments/two_component_test,BMKC_RUBIES_UDS830237_m3_2c,Not quoted in v2 (v1 Section 4.4),17,19922,19922,bmkc_fit2c_RUBIES_UDS830237.py,,chains/experiments/two_component_test/BMKC_RUBIES_UDS830237_m3_2c/chain.npy,
BMKC_RUBIES_UDS848745_m3_2c,experiments/two_component_test,BMKC_RUBIES_UDS848745_m3_2c,Not quoted in v2 (v1 Section 4.4),17,23679,23679,bmkc_fit2c_RUBIES_UDS848745.py,,chains/experiments/two_component_test/BMKC_RUBIES_UDS848745_m3_2c/chain.npy,
BMKC_RUBIES_UDS967770_m3_2c,experiments/two_component_test,BMKC_RUBIES_UDS967770_m3_2c,Not quoted in v2 (v1 Section 4.4),17,20144,20144,bmkc_fit2c_RUBIES_UDS967770.py,,chains/experiments/two_component_test/BMKC_RUBIES_UDS967770_m3_2c/chain.npy,
BMKC_RUBIES_UDS970351_m3_2c,experiments/two_component_test,BMKC_RUBIES_UDS970351_m3_2c,Not quoted in v2 (v1 Section 4.4),17,28658,28658,bmkc_fit2c_RUBIES_UDS970351.py,,chains/experiments/two_component_test/BMKC_RUBIES_UDS970351_m3_2c/chain.npy,
BMKC_SOK_1180_13329_m3_2c,experiments/two_component_test,BMKC_SOK_1180_13329_m3_2c,Not quoted in v2 (v1 Section 4.4),17,35432,35432,bmkc_fit2c_SOK_1180_13329.py,,chains/experiments/two_component_test/BMKC_SOK_1180_13329_m3_2c/chain.npy,
BMKC_SOK_1181_53501_m3_2c,experiments/two_component_test,BMKC_SOK_1181_53501_m3_2c,Not quoted in v2 (v1 Section 4.4),17,36496,36496,bmkc_fit2c_SOK_1181_53501.py,,chains/experiments/two_component_test/BMKC_SOK_1181_53501_m3_2c/chain.npy,
BMKC_SOK_1181_73488_m3_2c,experiments/two_component_test,BMKC_SOK_1181_73488_m3_2c,Not quoted in v2 (v1 Section 4.4),17,45593,45593,bmkc_fit2c_SOK_1181_73488.py,,chains/experiments/two_component_test/BMKC_SOK_1181_73488_m3_2c/chain.npy,
BMKC_SOK_1286_159717_m3_2c,experiments/two_component_test,BMKC_SOK_1286_159717_m3_2c,Not quoted in v2 (v1 Section 4.4),17,34889,34889,bmkc_fit2c_SOK_1286_159717.py,,chains/experiments/two_component_test/BMKC_SOK_1286_159717_m3_2c/chain.npy,
BMKC_SOK_1286_38562_m3_2c,experiments/two_component_test,BMKC_SOK_1286_38562_m3_2c,Not quoted in v2 (v1 Section 4.4),17,36690,36690,bmkc_fit2c_SOK_1286_38562.py,,chains/experiments/two_component_test/BMKC_SOK_1286_38562_m3_2c/chain.npy,
BMKC_SOK_4106_83161_m3_2c,experiments/two_component_test,BMKC_SOK_4106_83161_m3_2c,Not quoted in v2 (v1 Section 4.4),17,21414,21414,bmkc_fit2c_SOK_4106_83161.py,,chains/experiments/two_component_test/BMKC_SOK_4106_83161_m3_2c/chain.npy,
BMKC_SOK_4106_85168_m3_2c,experiments/two_component_test,BMKC_SOK_4106_85168_m3_2c,Not quoted in v2 (v1 Section 4.4),17,18268,18268,bmkc_fit2c_SOK_4106_85168.py,,chains/experiments/two_component_test/BMKC_SOK_4106_85168_m3_2c/chain.npy,
BMKC_SOK_5224_920396_m3_2c,experiments/two_component_test,BMKC_SOK_5224_920396_m3_2c,Not quoted in v2 (v1 Section 4.4),17,32145,32145,bmkc_fit2c_SOK_5224_920396.py,,chains/experiments/two_component_test/BMKC_SOK_5224_920396_m3_2c/chain.npy,
BMKC_UDS182791_m3_2c,experiments/two_component_test,BMKC_UDS182791_m3_2c,Not quoted in v2 (v1 Section 4.4),17,32965,32965,bmkc_fit2c_UDS182791_m3.py,,chains/experiments/two_component_test/BMKC_UDS182791_m3_2c/chain.npy,
BMKC_UNCOVER45924_dja_m3_2c,experiments/two_component_test,BMKC_UNCOVER45924_dja_m3_2c,Not quoted in v2 (v1 Section 4.4),17,39795,39795,bmkc_fit2c_UNCOVER45924_dja.py,,chains/experiments/two_component_test/BMKC_UNCOVER45924_dja_m3_2c/chain.npy,
BMKP_CAPERS_2c_smc_ujy_photcal4,primary,CAPERS-UDS-23216,"Section 4.1, Table 1",17,43902,43902,bmkp_fit_capers_2c_smc_ujy_photcal4.py,spectrum.pdf,chains/primary/CAPERS-UDS-23216/chain.npy,
BMKP_RS_m3c_smc,primary,GN-28074,"Section 4.1, Table 1",17,50000,74182,bmkp_fit_rs_m3c_smc.py,spectrum.pdf,chains/primary/GN-28074/chain.npy,
BMKP_egg_duste_sfree_zfree_nmask,primary,J1025+1402,"Section 4.1, Table 1",18,50000,56347,fit_egg_bmkp_nmask.py,spectrum.pdf,chains/primary/J1025+1402/chain.npy,
BMKP_UNCOVER_2c_smc_r300_ujy_photcal,primary,UNCOVER-A2744-20698,"Section 4.1, Table 1",17,50000,53623,bmkp_fit_uncover_2c_smc_r300_ujy_photcal.py,spectrum.pdf,chains/primary/UNCOVER-A2744-20698/chain.npy,
BMKP_WIDE_2c_smc_ujy,primary,WIDE-EGS-2974,"Section 4.1, Table 1",17,46762,46762,bmkp_fit_wide_2c_smc_ujy.py,spectrum.pdf,chains/primary/WIDE-EGS-2974/chain.npy,
lrds2M_J000927,supplementary/desi,J000927,"Sections 2.3 and 4.4, Figures 5-7",18,18727,18727,fit_desi_lrds2_breakmask.py,spectrum.png,chains/supplementary/desi/J000927/chain.npy,
lrds2M_J012930,supplementary/desi,J012930,"Sections 2.3 and 4.4, Figures 5-7",18,19264,19264,fit_desi_lrds2_breakmask.py,spectrum.png,chains/supplementary/desi/J012930/chain.npy,
lrds2M_J024337,supplementary/desi,J024337,"Sections 2.3 and 4.4, Figures 5-7",18,20183,20183,fit_desi_lrds2_breakmask.py,spectrum.png,chains/supplementary/desi/J024337/chain.npy,
lrds2M_J071635,supplementary/desi,J071635,"Sections 2.3 and 4.4, Figures 5-7",18,24362,24362,fit_desi_lrds2_breakmask.py,spectrum.png,chains/supplementary/desi/J071635/chain.npy,
lrds2M_J082606,supplementary/desi,J082606,"Sections 2.3 and 4.4, Figures 5-7",18,17865,17865,fit_desi_lrds2_breakmask.py,spectrum.png,chains/supplementary/desi/J082606/chain.npy,
lrds2M_J082921,supplementary/desi,J082921,"Sections 2.3 and 4.4, Figures 5-7",18,21588,21588,fit_desi_lrds2_breakmask.py,spectrum.png,chains/supplementary/desi/J082921/chain.npy,
lrds2M_J094411,supplementary/desi,J094411,"Sections 2.3 and 4.4, Figures 5-7",18,30733,30733,fit_desi_lrds2_breakmask.py,spectrum.png,chains/supplementary/desi/J094411/chain.npy,
lrds2M_J101742,supplementary/desi,J101742,"Sections 2.3 and 4.4, Figures 5-7",18,21321,21321,fit_desi_lrds2_breakmask.py,spectrum.png,chains/supplementary/desi/J101742/chain.npy,
lrds2M_J102553,supplementary/desi,J102553,"Sections 2.3 and 4.4, Figures 5-7",18,21979,21979,fit_desi_lrds2_breakmask.py,spectrum.png,chains/supplementary/desi/J102553/chain.npy,
lrds2M_J104242,supplementary/desi,J104242,"Sections 2.3 and 4.4, Figures 5-7",18,16801,16801,fit_desi_lrds2_breakmask.py,spectrum.png,chains/supplementary/desi/J104242/chain.npy,
lrds2M_J105620,supplementary/desi,J105620,"Sections 2.3 and 4.4, Figures 5-7",18,18063,18063,fit_desi_lrds2_breakmask.py,spectrum.png,chains/supplementary/desi/J105620/chain.npy,
lrds2M_J105900,supplementary/desi,J105900,"Sections 2.3 and 4.4, Figures 5-7",18,14376,14376,fit_desi_lrds2_breakmask.py,spectrum.png,chains/supplementary/desi/J105900/chain.npy,
lrds2M_J111943,supplementary/desi,J111943,"Sections 2.3 and 4.4, Figures 5-7",18,22124,22124,fit_desi_lrds2_breakmask.py,spectrum.png,chains/supplementary/desi/J111943/chain.npy,
lrds2M_J113734,supplementary/desi,J113734,"Sections 2.3 and 4.4, Figures 5-7",18,15160,15160,fit_desi_lrds2_breakmask.py,spectrum.png,chains/supplementary/desi/J113734/chain.npy,
lrds2M_J132137,supplementary/desi,J132137,"Sections 2.3 and 4.4, Figures 5-7",18,22492,22492,fit_desi_lrds2_breakmask.py,spectrum.png,chains/supplementary/desi/J132137/chain.npy,
lrds2M_J134317,supplementary/desi,J134317,"Sections 2.3 and 4.4, Figures 5-7",18,17715,17715,fit_desi_lrds2_breakmask.py,spectrum.png,chains/supplementary/desi/J134317/chain.npy,
lrds2M_J142337,supplementary/desi,J142337,"Sections 2.3 and 4.4, Figures 5-7",18,17963,17963,fit_desi_lrds2_breakmask.py,spectrum.png,chains/supplementary/desi/J142337/chain.npy,
lrds2M_J150252,supplementary/desi,J150252,"Sections 2.3 and 4.4, Figures 5-7",18,20738,20738,fit_desi_lrds2_breakmask.py,spectrum.png,chains/supplementary/desi/J150252/chain.npy,
lrds2M_J161102,supplementary/desi,J161102,"Sections 2.3 and 4.4, Figures 5-7",18,22328,22328,fit_desi_lrds2_breakmask.py,spectrum.png,chains/supplementary/desi/J161102/chain.npy,
lrds2M_J162032,supplementary/desi,J162032,"Sections 2.3 and 4.4, Figures 5-7",18,14209,14209,fit_desi_lrds2_breakmask.py,spectrum.png,chains/supplementary/desi/J162032/chain.npy,
lrds2M_J164102,supplementary/desi,J164102,"Sections 2.3 and 4.4, Figures 5-7",18,16485,16485,fit_desi_lrds2_breakmask.py,spectrum.png,chains/supplementary/desi/J164102/chain.npy,
lrds2M_J164226,supplementary/desi,J164226,"Sections 2.3 and 4.4, Figures 5-7",18,29243,29243,fit_desi_lrds2_breakmask.py,spectrum.png,chains/supplementary/desi/J164226/chain.npy,
lrds2M_J164637,supplementary/desi,J164637,"Sections 2.3 and 4.4, Figures 5-7",18,22787,22787,fit_desi_lrds2_breakmask.py,spectrum.png,chains/supplementary/desi/J164637/chain.npy,
lrds2M_J165450,supplementary/desi,J165450,"Sections 2.3 and 4.4, Figures 5-7",18,21014,21014,fit_desi_lrds2_breakmask.py,spectrum.png,chains/supplementary/desi/J165450/chain.npy,
lrds2M_J171741,supplementary/desi,J171741,"Sections 2.3 and 4.4, Figures 5-7",18,43245,43245,fit_desi_lrds2_breakmask.py,spectrum.png,chains/supplementary/desi/J171741/chain.npy,
lrds2M_J190954,supplementary/desi,J190954,"Sections 2.3 and 4.4, Figures 5-7",18,19801,19801,fit_desi_lrds2_breakmask.py,spectrum.png,chains/supplementary/desi/J190954/chain.npy,
lrds2M_J212725,supplementary/desi,J212725,"Sections 2.3 and 4.4, Figures 5-7",18,15507,15507,fit_desi_lrds2_breakmask.py,spectrum.png,chains/supplementary/desi/J212725/chain.npy,
lrds2M_J225535,supplementary/desi,J225535,"Sections 2.3 and 4.4, Figures 5-7",18,17502,17502,fit_desi_lrds2_breakmask.py,spectrum.png,chains/supplementary/desi/J225535/chain.npy,
BMKA_glimpse17775_m3,supplementary/grating,GLIMPSE-17775,"Sections 2.3 and 4.4, Figures 5-7",18,36100,36100,bmka_fit_glimpse17775.py,spectrum.png,chains/supplementary/grating/GLIMPSE-17775/chain.npy,
BMKA_A2744QSO1,supplementary/prism,A2744QSO1,"Sections 2.3 and 4.4, Figures 5-7",14,36348,36348,fit_breakmask_arch.py,spectrum.png,chains/supplementary/prism/A2744QSO1/chain.npy,
BMKA_CEERS6126_m3,supplementary/prism,CEERS6126,"Sections 2.3 and 4.4, Figures 5-7",14,23532,23532,bmka_fit_CEERS6126.py,spectrum.png,chains/supplementary/prism/CEERS6126/chain.npy,
BMKA_CLIFF_m3_pilot,supplementary/prism,CLIFF_m3_pilot,"Sections 2.3 and 4.4, Figures 5-7",14,32238,32238,bmka_fit_cliff_m3.py,spectrum.png,chains/supplementary/prism/CLIFF_m3_pilot/chain.npy,
BMKA_EGS42046_m3,supplementary/prism,EGS42046,"Sections 2.3 and 4.4, Figures 5-7",14,32457,32457,bmka_fit_EGS42046_m3.py,spectrum.png,chains/supplementary/prism/EGS42046/chain.npy,
BMKA_EGS49140_m3,supplementary/prism,EGS49140,"Sections 2.3 and 4.4, Figures 5-7",14,32952,32952,bmka_fit_EGS49140_m3.py,spectrum.png,chains/supplementary/prism/EGS49140/chain.npy,
BMKA_EGS55604_m3,supplementary/prism,EGS55604,"Sections 2.3 and 4.4, Figures 5-7",14,31675,31675,bmka_fit_EGS55604_m3.py,spectrum.png,chains/supplementary/prism/EGS55604/chain.npy,
BMKA_GN15498_fr_m3,supplementary/prism,GN15498,"Sections 2.3 and 4.4, Figures 5-7",14,50000,53768,bmka_fit_GN15498_fr.py,spectrum.png,chains/supplementary/prism/GN15498/chain.npy,
BMKA_GN38147_dja_m3,supplementary/prism,GN38147,"Sections 2.3 and 4.4, Figures 5-7",14,34735,34735,bmka_fit_GN38147_dja.py,spectrum.png,chains/supplementary/prism/GN38147/chain.npy,
BMKA_GN68797_dja_m3,supplementary/prism,GN68797,"Sections 2.3 and 4.4, Figures 5-7",14,34182,34182,bmka_fit_GN68797_dja.py,spectrum.png,chains/supplementary/prism/GN68797/chain.npy,
BMKA_GN9771_fr_m3,supplementary/prism,GN9771,"Sections 2.3 and 4.4, Figures 5-7",14,50000,62729,bmka_fit_GN9771_fr.py,spectrum.png,chains/supplementary/prism/GN9771/chain.npy,
BMKA_GS13971_fr_m3,supplementary/prism,GS13971,"Sections 2.3 and 4.4, Figures 5-7",14,32247,32247,bmka_fit_GS13971_fr.py,spectrum.png,chains/supplementary/prism/GS13971/chain.npy,
BMKA_MoMBH1,supplementary/prism,MoMBH1,"Sections 2.3 and 4.4, Figures 5-7",14,31682,31682,fit_breakmask_arch.py,spectrum.png,chains/supplementary/prism/MoMBH1/chain.npy,
BMKA_RUBIES_EGS28812,supplementary/prism,RUBIES-EGS28812,"Sections 2.3 and 4.4, Figures 5-7",14,29731,29731,fit_breakmask_arch.py,spectrum.png,chains/supplementary/prism/RUBIES-EGS28812/chain.npy,
BMKA_RUBIES_EGS29489,supplementary/prism,RUBIES-EGS29489,"Sections 2.3 and 4.4, Figures 5-7",14,35106,35106,fit_breakmask_arch.py,spectrum.png,chains/supplementary/prism/RUBIES-EGS29489/chain.npy,
BMKA_RUBIES_EGS37124,supplementary/prism,RUBIES-EGS37124,"Sections 2.3 and 4.4, Figures 5-7",14,21737,21737,fit_breakmask_arch.py,spectrum.png,chains/supplementary/prism/RUBIES-EGS37124/chain.npy,
BMKA_RUBIES_EGS42232,supplementary/prism,RUBIES-EGS42232,"Sections 2.3 and 4.4, Figures 5-7",14,32749,32749,fit_breakmask_arch.py,spectrum.png,chains/supplementary/prism/RUBIES-EGS42232/chain.npy,
BMKA_RUBIES_EGS42803,supplementary/prism,RUBIES-EGS42803,"Sections 2.3 and 4.4, Figures 5-7",14,28000,28000,fit_breakmask_arch.py,spectrum.png,chains/supplementary/prism/RUBIES-EGS42803/chain.npy,
BMKA_RUBIES_EGS53254,supplementary/prism,RUBIES-EGS53254,"Sections 2.3 and 4.4, Figures 5-7",14,18054,18054,fit_breakmask_arch.py,spectrum.png,chains/supplementary/prism/RUBIES-EGS53254/chain.npy,
BMKA_RUBIES_EGS61496,supplementary/prism,RUBIES-EGS61496,"Sections 2.3 and 4.4, Figures 5-7",14,26817,26817,fit_breakmask_arch.py,spectrum.png,chains/supplementary/prism/RUBIES-EGS61496/chain.npy,
BMKA_RUBIES_EGS926125,supplementary/prism,RUBIES-EGS926125,"Sections 2.3 and 4.4, Figures 5-7",14,30817,30817,fit_breakmask_arch.py,spectrum.png,chains/supplementary/prism/RUBIES-EGS926125/chain.npy,
BMKA_RUBIES_EGS927271,supplementary/prism,RUBIES-EGS927271,"Sections 2.3 and 4.4, Figures 5-7",14,24536,24536,fit_breakmask_arch.py,spectrum.png,chains/supplementary/prism/RUBIES-EGS927271/chain.npy,
BMKA_RUBIES_EGS948917,supplementary/prism,RUBIES-EGS948917,"Sections 2.3 and 4.4, Figures 5-7",14,34128,34128,fit_breakmask_arch.py,spectrum.png,chains/supplementary/prism/RUBIES-EGS948917/chain.npy,
BMKA_RUBIES_EGS952625,supplementary/prism,RUBIES-EGS952625,"Sections 2.3 and 4.4, Figures 5-7",14,19882,19882,fit_breakmask_arch.py,spectrum.png,chains/supplementary/prism/RUBIES-EGS952625/chain.npy,
BMKA_RUBIES_EGS966323,supplementary/prism,RUBIES-EGS966323,"Sections 2.3 and 4.4, Figures 5-7",14,27055,27055,fit_breakmask_arch.py,spectrum.png,chains/supplementary/prism/RUBIES-EGS966323/chain.npy,
BMKA_RUBIES_UDS119957,supplementary/prism,RUBIES-UDS119957,"Sections 2.3 and 4.4, Figures 5-7",14,31266,31266,fit_breakmask_arch.py,spectrum.png,chains/supplementary/prism/RUBIES-UDS119957/chain.npy,
BMKA_RUBIES_UDS144195,supplementary/prism,RUBIES-UDS144195,"Sections 2.3 and 4.4, Figures 5-7",14,31118,31118,fit_breakmask_arch.py,spectrum.png,chains/supplementary/prism/RUBIES-UDS144195/chain.npy,
BMKA_RUBIES_UDS149298,supplementary/prism,RUBIES-UDS149298,"Sections 2.3 and 4.4, Figures 5-7",14,29361,29361,fit_breakmask_arch.py,spectrum.png,chains/supplementary/prism/RUBIES-UDS149298/chain.npy,
BMKA_RUBIES_UDS167741,supplementary/prism,RUBIES-UDS167741,"Sections 2.3 and 4.4, Figures 5-7",14,27929,27929,fit_breakmask_arch.py,spectrum.png,chains/supplementary/prism/RUBIES-UDS167741/chain.npy,
BMKA_RUBIES_UDS172350,supplementary/prism,RUBIES-UDS172350,"Sections 2.3 and 4.4, Figures 5-7",14,26225,26225,fit_breakmask_arch.py,spectrum.png,chains/supplementary/prism/RUBIES-UDS172350/chain.npy,
BMKA_RUBIES_UDS23438,supplementary/prism,RUBIES-UDS23438,"Sections 2.3 and 4.4, Figures 5-7",14,31879,31879,fit_breakmask_arch.py,spectrum.png,chains/supplementary/prism/RUBIES-UDS23438/chain.npy,
BMKA_RUBIES_UDS29813,supplementary/prism,RUBIES-UDS29813,"Sections 2.3 and 4.4, Figures 5-7",14,25992,25992,fit_breakmask_arch.py,spectrum.png,chains/supplementary/prism/RUBIES-UDS29813/chain.npy,
BMKA_RUBIES_UDS31747,supplementary/prism,RUBIES-UDS31747,"Sections 2.3 and 4.4, Figures 5-7",14,28248,28248,fit_breakmask_arch.py,spectrum.png,chains/supplementary/prism/RUBIES-UDS31747/chain.npy,
BMKA_RUBIES_UDS33938,supplementary/prism,RUBIES-UDS33938,"Sections 2.3 and 4.4, Figures 5-7",14,20961,20961,fit_breakmask_arch.py,spectrum.png,chains/supplementary/prism/RUBIES-UDS33938/chain.npy,
BMKA_RUBIES_UDS36171,supplementary/prism,RUBIES-UDS36171,"Sections 2.3 and 4.4, Figures 5-7",14,20369,20369,fit_breakmask_arch.py,spectrum.png,chains/supplementary/prism/RUBIES-UDS36171/chain.npy,
BMKA_RUBIES_UDS40579,supplementary/prism,RUBIES-UDS40579,"Sections 2.3 and 4.4, Figures 5-7",14,34385,34385,fit_breakmask_arch.py,spectrum.png,chains/supplementary/prism/RUBIES-UDS40579/chain.npy,
BMKA_RUBIES_UDS50716,supplementary/prism,RUBIES-UDS50716,"Sections 2.3 and 4.4, Figures 5-7",14,21352,21352,fit_breakmask_arch.py,spectrum.png,chains/supplementary/prism/RUBIES-UDS50716/chain.npy,
BMKA_RUBIES_UDS53692,supplementary/prism,RUBIES-UDS53692,"Sections 2.3 and 4.4, Figures 5-7",14,21249,21249,fit_breakmask_arch.py,spectrum.png,chains/supplementary/prism/RUBIES-UDS53692/chain.npy,
BMKA_RUBIES_UDS807469,supplementary/prism,RUBIES-UDS807469,"Sections 2.3 and 4.4, Figures 5-7",14,19518,19518,fit_breakmask_arch.py,spectrum.png,chains/supplementary/prism/RUBIES-UDS807469/chain.npy,
BMKA_RUBIES_UDS830237,supplementary/prism,RUBIES-UDS830237,"Sections 2.3 and 4.4, Figures 5-7",14,19452,19452,fit_breakmask_arch.py,spectrum.png,chains/supplementary/prism/RUBIES-UDS830237/chain.npy,
BMKA_RUBIES_UDS848745,supplementary/prism,RUBIES-UDS848745,"Sections 2.3 and 4.4, Figures 5-7",14,24584,24584,fit_breakmask_arch.py,spectrum.png,chains/supplementary/prism/RUBIES-UDS848745/chain.npy,
BMKA_RUBIES_UDS967770,supplementary/prism,RUBIES-UDS967770,"Sections 2.3 and 4.4, Figures 5-7",14,20980,20980,fit_breakmask_arch.py,spectrum.png,chains/supplementary/prism/RUBIES-UDS967770/chain.npy,
BMKA_RUBIES_UDS970351,supplementary/prism,RUBIES-UDS970351,"Sections 2.3 and 4.4, Figures 5-7",14,27190,27190,fit_breakmask_arch.py,spectrum.png,chains/supplementary/prism/RUBIES-UDS970351/chain.npy,
BMKA_SOK_1180_13329,supplementary/prism,Sok-1180_13329,"Sections 2.3 and 4.4, Figures 5-7",14,37320,37320,fit_breakmask_arch.py,spectrum.png,chains/supplementary/prism/Sok-1180_13329/chain.npy,
BMKA_SOK_1181_53501,supplementary/prism,Sok-1181_53501,"Sections 2.3 and 4.4, Figures 5-7",14,34915,34915,fit_breakmask_arch.py,spectrum.png,chains/supplementary/prism/Sok-1181_53501/chain.npy,
BMKA_SOK_1181_73488,supplementary/prism,Sok-1181_73488,"Sections 2.3 and 4.4, Figures 5-7",14,39045,39045,fit_breakmask_arch.py,spectrum.png,chains/supplementary/prism/Sok-1181_73488/chain.npy,
BMKA_SOK_1286_159717,supplementary/prism,Sok-1286_159717,"Sections 2.3 and 4.4, Figures 5-7",14,37488,37488,fit_breakmask_arch.py,spectrum.png,chains/supplementary/prism/Sok-1286_159717/chain.npy,
BMKA_SOK_1286_38562,supplementary/prism,Sok-1286_38562,"Sections 2.3 and 4.4, Figures 5-7",14,39898,39898,fit_breakmask_arch.py,spectrum.png,chains/supplementary/prism/Sok-1286_38562/chain.npy,
BMKA_SOK_4106_83161,supplementary/prism,Sok-4106_83161,"Sections 2.3 and 4.4, Figures 5-7",14,20676,20676,fit_breakmask_arch.py,spectrum.png,chains/supplementary/prism/Sok-4106_83161/chain.npy,
BMKA_SOK_4106_85168,supplementary/prism,Sok-4106_85168,"Sections 2.3 and 4.4, Figures 5-7",14,18196,18196,fit_breakmask_arch.py,spectrum.png,chains/supplementary/prism/Sok-4106_85168/chain.npy,
BMKA_SOK_5224_920396,supplementary/prism,Sok-5224_920396,"Sections 2.3 and 4.4, Figures 5-7",14,32114,32114,fit_breakmask_arch.py,spectrum.png,chains/supplementary/prism/Sok-5224_920396/chain.npy,
BMKA_UDS182791_m3,supplementary/prism,UDS182791,"Sections 2.3 and 4.4, Figures 5-7",14,31007,31007,bmka_fit_UDS182791_m3.py,spectrum.png,chains/supplementary/prism/UDS182791/chain.npy,
BMKA_UDS31092_m3,supplementary/prism,UDS31092,"Sections 2.3 and 4.4, Figures 5-7",14,31514,31514,bmka_fit_UDS31092.py,spectrum.png,chains/supplementary/prism/UDS31092/chain.npy,
BMK_45924,supplementary/prism,UNCOVER45924,"Sections 2.3 and 4.4, Figures 5-7",14,38323,38323,fit_breakmask.py,spectrum.png,chains/supplementary/prism/UNCOVER45924/chain.npy,
